true,prob,confidence,subject_id,dataset,source_ds
0,0.52514845,1.0,stressid_tmvd,stressid,stressid
0,0.50612104,1.0,stressid_tmvd,stressid,stressid
0,0.47434598,1.0,stressid_tmvd,stressid,stressid
0,0.47783047,1.0,stressid_tmvd,stressid,stressid
0,0.47802296,1.0,stressid_tmvd,stressid,stressid
0,0.4506905,1.0,stressid_tmvd,stressid,stressid
0,0.41864604,1.0,stressid_tmvd,stressid,stressid
0,0.41027287,1.0,stressid_tmvd,stressid,stressid
0,0.45391563,1.0,stressid_tmvd,stressid,stressid
0,0.47452956,1.0,stressid_tmvd,stressid,stressid
0,0.4916423,1.0,stressid_tmvd,stressid,stressid
0,0.48588148,1.0,stressid_tmvd,stressid,stressid
0,0.47833794,1.0,stressid_tmvd,stressid,stressid
0,0.49510443,1.0,stressid_tmvd,stressid,stressid
0,0.4970874,1.0,stressid_tmvd,stressid,stressid
0,0.5014301,1.0,stressid_tmvd,stressid,stressid
0,0.50491375,1.0,stressid_tmvd,stressid,stressid
0,0.51015157,1.0,stressid_tmvd,stressid,stressid
0,0.50780225,1.0,stressid_tmvd,stressid,stressid
0,0.509864,1.0,stressid_tmvd,stressid,stressid
0,0.5027112,1.0,stressid_tmvd,stressid,stressid
0,0.48830584,1.0,stressid_tmvd,stressid,stressid
0,0.47416693,1.0,stressid_tmvd,stressid,stressid
0,0.49281654,1.0,stressid_tmvd,stressid,stressid
0,0.48131558,1.0,stressid_tmvd,stressid,stressid
0,0.47474727,1.0,stressid_tmvd,stressid,stressid
0,0.43940833,1.0,stressid_tmvd,stressid,stressid
0,0.42482367,1.0,stressid_tmvd,stressid,stressid
0,0.41410938,1.0,stressid_tmvd,stressid,stressid
0,0.2599722,1.0,stressid_tmvd,stressid,stressid
0,0.25996298,1.0,stressid_tmvd,stressid,stressid
0,0.25998157,1.0,stressid_tmvd,stressid,stressid
0,0.26003337,1.0,stressid_tmvd,stressid,stressid
0,0.26008582,1.0,stressid_tmvd,stressid,stressid
0,0.5050736,1.0,stressid_tmvd,stressid,stressid
0,0.25999177,1.0,stressid_tmvd,stressid,stressid
0,0.2600239,1.0,stressid_tmvd,stressid,stressid
0,0.2599734,1.0,stressid_tmvd,stressid,stressid
0,0.2599357,1.0,stressid_tmvd,stressid,stressid
0,0.25998107,1.0,stressid_tmvd,stressid,stressid
0,0.25998032,1.0,stressid_tmvd,stressid,stressid
0,0.2599423,1.0,stressid_tmvd,stressid,stressid
0,0.26008242,1.0,stressid_tmvd,stressid,stressid
0,0.26007903,1.0,stressid_tmvd,stressid,stressid
0,0.2600589,1.0,stressid_tmvd,stressid,stressid
0,0.49703902,1.0,stressid_tmvd,stressid,stressid
0,0.26011336,1.0,stressid_tmvd,stressid,stressid
0,0.26026127,1.0,stressid_tmvd,stressid,stressid
0,0.26018727,1.0,stressid_tmvd,stressid,stressid
0,0.2600793,1.0,stressid_tmvd,stressid,stressid
0,0.26010233,1.0,stressid_tmvd,stressid,stressid
0,0.26008245,1.0,stressid_tmvd,stressid,stressid
0,0.26004502,1.0,stressid_tmvd,stressid,stressid
0,0.26009956,1.0,stressid_tmvd,stressid,stressid
0,0.25942644,1.0,stressid_tmvd,stressid,stressid
0,0.50379544,1.0,stressid_tmvd,stressid,stressid
0,0.49069354,1.0,stressid_tmvd,stressid,stressid
0,0.48015037,1.0,stressid_tmvd,stressid,stressid
0,0.4814441,1.0,stressid_tmvd,stressid,stressid
0,0.74295354,1.0,stressid_tmvd,stressid,stressid
0,0.7522775,1.0,stressid_tmvd,stressid,stressid
0,0.77531296,1.0,stressid_tmvd,stressid,stressid
0,0.7867216,1.0,stressid_tmvd,stressid,stressid
0,0.77863765,1.0,stressid_tmvd,stressid,stressid
0,0.774472,1.0,stressid_tmvd,stressid,stressid
0,0.78507566,1.0,stressid_tmvd,stressid,stressid
0,0.7566219,1.0,stressid_tmvd,stressid,stressid
0,0.7591242,1.0,stressid_tmvd,stressid,stressid
0,0.7649953,1.0,stressid_tmvd,stressid,stressid
0,0.76516056,1.0,stressid_tmvd,stressid,stressid
0,0.75290334,1.0,stressid_tmvd,stressid,stressid
0,0.7517115,1.0,stressid_tmvd,stressid,stressid
0,0.7478984,1.0,stressid_tmvd,stressid,stressid
0,0.7464154,1.0,stressid_tmvd,stressid,stressid
0,0.7674909,1.0,stressid_tmvd,stressid,stressid
0,0.7350057,1.0,stressid_tmvd,stressid,stressid
0,0.729797,1.0,stressid_tmvd,stressid,stressid
0,0.74788326,1.0,stressid_tmvd,stressid,stressid
0,0.7778483,1.0,stressid_tmvd,stressid,stressid
0,0.7823188,1.0,stressid_tmvd,stressid,stressid
0,0.7376058,1.0,stressid_tmvd,stressid,stressid
0,0.7873641,1.0,stressid_tmvd,stressid,stressid
0,0.781615,1.0,stressid_tmvd,stressid,stressid
0,0.79169524,1.0,stressid_tmvd,stressid,stressid
0,0.7671909,1.0,stressid_tmvd,stressid,stressid
0,0.76804554,1.0,stressid_tmvd,stressid,stressid
0,0.7587216,1.0,stressid_tmvd,stressid,stressid
0,0.75206673,1.0,stressid_tmvd,stressid,stressid
0,0.74923736,1.0,stressid_tmvd,stressid,stressid
0,0.7667727,1.0,stressid_tmvd,stressid,stressid
0,0.7665007,1.0,stressid_tmvd,stressid,stressid
0,0.7430701,1.0,stressid_tmvd,stressid,stressid
0,0.7457191,1.0,stressid_tmvd,stressid,stressid
0,0.75462323,1.0,stressid_tmvd,stressid,stressid
0,0.7548606,1.0,stressid_tmvd,stressid,stressid
0,0.74241894,1.0,stressid_tmvd,stressid,stressid
0,0.73465943,1.0,stressid_tmvd,stressid,stressid
1,0.8169828,1.0,stressid_tmvd,stressid,stressid
1,0.7572525,1.0,stressid_tmvd,stressid,stressid
1,0.78617805,1.0,stressid_tmvd,stressid,stressid
1,0.77770257,1.0,stressid_tmvd,stressid,stressid
1,0.7840793,1.0,stressid_tmvd,stressid,stressid
1,0.7820175,1.0,stressid_tmvd,stressid,stressid
1,0.7920452,1.0,stressid_tmvd,stressid,stressid
1,0.78967077,1.0,stressid_tmvd,stressid,stressid
1,0.7878366,1.0,stressid_tmvd,stressid,stressid
1,0.78061604,1.0,stressid_tmvd,stressid,stressid
1,0.7807765,1.0,stressid_tmvd,stressid,stressid
1,0.77039146,1.0,stressid_tmvd,stressid,stressid
1,0.78971034,1.0,stressid_tmvd,stressid,stressid
1,0.7663049,1.0,stressid_tmvd,stressid,stressid
1,0.76691204,1.0,stressid_tmvd,stressid,stressid
1,0.7718131,1.0,stressid_tmvd,stressid,stressid
1,0.79009867,1.0,stressid_tmvd,stressid,stressid
1,0.81084865,1.0,stressid_tmvd,stressid,stressid
1,0.7901909,1.0,stressid_tmvd,stressid,stressid
1,0.81358635,1.0,stressid_tmvd,stressid,stressid
1,0.78946215,1.0,stressid_tmvd,stressid,stressid
1,0.8133904,1.0,stressid_tmvd,stressid,stressid
1,0.7888658,1.0,stressid_tmvd,stressid,stressid
1,0.79278207,1.0,stressid_tmvd,stressid,stressid
1,0.77187,1.0,stressid_tmvd,stressid,stressid
1,0.769188,1.0,stressid_tmvd,stressid,stressid
1,0.79650354,1.0,stressid_tmvd,stressid,stressid
1,0.8001751,1.0,stressid_tmvd,stressid,stressid
1,0.76768464,1.0,stressid_tmvd,stressid,stressid
1,0.7687002,1.0,stressid_tmvd,stressid,stressid
1,0.773756,1.0,stressid_tmvd,stressid,stressid
1,0.79417306,1.0,stressid_tmvd,stressid,stressid
1,0.8013344,1.0,stressid_tmvd,stressid,stressid
1,0.7764569,1.0,stressid_tmvd,stressid,stressid
1,0.77046305,1.0,stressid_tmvd,stressid,stressid
1,0.78348607,1.0,stressid_tmvd,stressid,stressid
1,0.7949888,1.0,stressid_tmvd,stressid,stressid
1,0.81415534,1.0,stressid_tmvd,stressid,stressid
0,0.8313802,1.0,stressid_tmvd,stressid,stressid
0,0.82426304,1.0,stressid_tmvd,stressid,stressid
0,0.7896181,1.0,stressid_tmvd,stressid,stressid
0,0.79151934,1.0,stressid_tmvd,stressid,stressid
0,0.8040951,1.0,stressid_tmvd,stressid,stressid
0,0.8047508,1.0,stressid_tmvd,stressid,stressid
0,0.8056584,1.0,stressid_tmvd,stressid,stressid
0,0.80231625,1.0,stressid_tmvd,stressid,stressid
0,0.81066215,1.0,stressid_tmvd,stressid,stressid
0,0.81083965,1.0,stressid_tmvd,stressid,stressid
0,0.7634857,1.0,stressid_tmvd,stressid,stressid
0,0.80551547,1.0,stressid_tmvd,stressid,stressid
0,0.782371,1.0,stressid_tmvd,stressid,stressid
0,0.79268926,1.0,stressid_tmvd,stressid,stressid
0,0.7973433,1.0,stressid_tmvd,stressid,stressid
0,0.8063753,1.0,stressid_tmvd,stressid,stressid
0,0.8007005,1.0,stressid_tmvd,stressid,stressid
0,0.8013906,1.0,stressid_tmvd,stressid,stressid
0,0.79362965,1.0,stressid_tmvd,stressid,stressid
0,0.63081867,1.0,stressid_tmvd,stressid,stressid
0,0.61846054,1.0,stressid_tmvd,stressid,stressid
0,0.57570976,1.0,stressid_tmvd,stressid,stressid
0,0.5840803,1.0,stressid_tmvd,stressid,stressid
0,0.5979396,1.0,stressid_tmvd,stressid,stressid
0,0.5918803,1.0,stressid_tmvd,stressid,stressid
0,0.5769929,1.0,stressid_tmvd,stressid,stressid
0,0.55935884,1.0,stressid_tmvd,stressid,stressid
0,0.57511735,1.0,stressid_tmvd,stressid,stressid
0,0.6122684,1.0,stressid_tmvd,stressid,stressid
0,0.60296255,1.0,stressid_tmvd,stressid,stressid
0,0.5882814,1.0,stressid_tmvd,stressid,stressid
0,0.6172984,1.0,stressid_tmvd,stressid,stressid
0,0.57549155,1.0,stressid_tmvd,stressid,stressid
0,0.5760495,1.0,stressid_tmvd,stressid,stressid
0,0.58671534,1.0,stressid_tmvd,stressid,stressid
0,0.5968265,1.0,stressid_tmvd,stressid,stressid
0,0.59380573,1.0,stressid_tmvd,stressid,stressid
0,0.6031573,1.0,stressid_tmvd,stressid,stressid
0,0.60754704,1.0,stressid_tmvd,stressid,stressid
0,0.5998557,1.0,stressid_tmvd,stressid,stressid
0,0.59318644,1.0,stressid_tmvd,stressid,stressid
0,0.26022917,1.0,stressid_tmvd,stressid,stressid
0,0.61209244,1.0,stressid_tmvd,stressid,stressid
0,0.25894734,1.0,stressid_tmvd,stressid,stressid
0,0.25950414,1.0,stressid_tmvd,stressid,stressid
0,0.26058635,1.0,stressid_tmvd,stressid,stressid
0,0.26057935,1.0,stressid_tmvd,stressid,stressid
0,0.2604525,1.0,stressid_tmvd,stressid,stressid
0,0.26045793,1.0,stressid_tmvd,stressid,stressid
0,0.26061386,1.0,stressid_tmvd,stressid,stressid
0,0.25979868,1.0,stressid_tmvd,stressid,stressid
0,0.26035225,1.0,stressid_tmvd,stressid,stressid
0,0.26070997,1.0,stressid_tmvd,stressid,stressid
0,0.61157507,1.0,stressid_tmvd,stressid,stressid
0,0.26061666,1.0,stressid_tmvd,stressid,stressid
0,0.26049486,1.0,stressid_tmvd,stressid,stressid
0,0.26052073,1.0,stressid_tmvd,stressid,stressid
0,0.26059964,1.0,stressid_tmvd,stressid,stressid
0,0.2605006,1.0,stressid_tmvd,stressid,stressid
0,0.26023546,1.0,stressid_tmvd,stressid,stressid
0,0.2603393,1.0,stressid_tmvd,stressid,stressid
0,0.2606012,1.0,stressid_tmvd,stressid,stressid
0,0.26000828,1.0,stressid_tmvd,stressid,stressid
0,0.6180307,1.0,stressid_tmvd,stressid,stressid
0,0.6204785,1.0,stressid_tmvd,stressid,stressid
0,0.60932255,1.0,stressid_tmvd,stressid,stressid
0,0.5991125,1.0,stressid_tmvd,stressid,stressid
0,0.5833757,1.0,stressid_tmvd,stressid,stressid
1,0.77882725,1.0,stressid_tmvd,stressid,stressid
1,0.7686293,1.0,stressid_tmvd,stressid,stressid
1,0.77877665,1.0,stressid_tmvd,stressid,stressid
1,0.78362834,1.0,stressid_tmvd,stressid,stressid
1,0.7891133,1.0,stressid_tmvd,stressid,stressid
1,0.7565851,1.0,stressid_tmvd,stressid,stressid
1,0.7465383,1.0,stressid_tmvd,stressid,stressid
1,0.751747,1.0,stressid_tmvd,stressid,stressid
1,0.73622423,1.0,stressid_tmvd,stressid,stressid
1,0.73345196,1.0,stressid_tmvd,stressid,stressid
1,0.71636826,1.0,stressid_tmvd,stressid,stressid
1,0.76796967,1.0,stressid_tmvd,stressid,stressid
1,0.77223486,1.0,stressid_tmvd,stressid,stressid
1,0.7651347,1.0,stressid_tmvd,stressid,stressid
1,0.7581024,1.0,stressid_tmvd,stressid,stressid
1,0.7563696,1.0,stressid_tmvd,stressid,stressid
1,0.75386924,1.0,stressid_tmvd,stressid,stressid
1,0.74718523,1.0,stressid_tmvd,stressid,stressid
1,0.76571435,1.0,stressid_tmvd,stressid,stressid
0,0.8135861,1.0,stressid_tmvd,stressid,stressid
0,0.8158561,1.0,stressid_tmvd,stressid,stressid
0,0.80059975,1.0,stressid_tmvd,stressid,stressid
0,0.7654081,1.0,stressid_tmvd,stressid,stressid
0,0.7837197,1.0,stressid_tmvd,stressid,stressid
0,0.7847691,1.0,stressid_tmvd,stressid,stressid
0,0.7746279,1.0,stressid_tmvd,stressid,stressid
0,0.7940141,1.0,stressid_tmvd,stressid,stressid
0,0.77635354,1.0,stressid_tmvd,stressid,stressid
0,0.758276,1.0,stressid_tmvd,stressid,stressid
0,0.77849215,1.0,stressid_tmvd,stressid,stressid
0,0.8154589,1.0,stressid_tmvd,stressid,stressid
0,0.8176253,1.0,stressid_tmvd,stressid,stressid
0,0.8094481,1.0,stressid_tmvd,stressid,stressid
0,0.81342626,1.0,stressid_tmvd,stressid,stressid
0,0.8179334,1.0,stressid_tmvd,stressid,stressid
0,0.82429427,1.0,stressid_tmvd,stressid,stressid
0,0.8279339,1.0,stressid_tmvd,stressid,stressid
0,0.81864685,1.0,stressid_tmvd,stressid,stressid
0,0.45495,1.0,stressid_tmvd,stressid,stressid
0,0.47765717,1.0,stressid_tmvd,stressid,stressid
0,0.47503322,1.0,stressid_tmvd,stressid,stressid
0,0.4688228,1.0,stressid_tmvd,stressid,stressid
0,0.44419697,1.0,stressid_tmvd,stressid,stressid
0,0.45011473,1.0,stressid_tmvd,stressid,stressid
0,0.42836913,1.0,stressid_tmvd,stressid,stressid
0,0.43012372,1.0,stressid_tmvd,stressid,stressid
0,0.44846916,1.0,stressid_tmvd,stressid,stressid
0,0.45762748,1.0,stressid_tmvd,stressid,stressid
0,0.46588796,1.0,stressid_tmvd,stressid,stressid
0,0.45882758,1.0,stressid_tmvd,stressid,stressid
0,0.46681336,1.0,stressid_tmvd,stressid,stressid
0,0.4572577,1.0,stressid_tmvd,stressid,stressid
0,0.44984472,1.0,stressid_tmvd,stressid,stressid
0,0.44304386,1.0,stressid_tmvd,stressid,stressid
0,0.43028829,1.0,stressid_tmvd,stressid,stressid
0,0.46316952,1.0,stressid_tmvd,stressid,stressid
0,0.4621983,1.0,stressid_tmvd,stressid,stressid
0,0.45816547,1.0,stressid_tmvd,stressid,stressid
0,0.4440365,1.0,stressid_tmvd,stressid,stressid
0,0.43402618,1.0,stressid_tmvd,stressid,stressid
0,0.44086313,1.0,stressid_tmvd,stressid,stressid
0,0.53872067,1.0,stressid_tmvd,stressid,stressid
0,0.4208806,1.0,stressid_tmvd,stressid,stressid
0,0.42860168,1.0,stressid_tmvd,stressid,stressid
0,0.45687544,1.0,stressid_tmvd,stressid,stressid
0,0.25973427,1.0,stressid_tmvd,stressid,stressid
0,0.2597408,1.0,stressid_tmvd,stressid,stressid
0,0.25973424,1.0,stressid_tmvd,stressid,stressid
0,0.25973272,1.0,stressid_tmvd,stressid,stressid
0,0.25973865,1.0,stressid_tmvd,stressid,stressid
0,0.25974235,1.0,stressid_tmvd,stressid,stressid
0,0.2597424,1.0,stressid_tmvd,stressid,stressid
0,0.554701,1.0,stressid_tmvd,stressid,stressid
0,0.2597418,1.0,stressid_tmvd,stressid,stressid
0,0.25973707,1.0,stressid_tmvd,stressid,stressid
0,0.25973296,1.0,stressid_tmvd,stressid,stressid
0,0.2597331,1.0,stressid_tmvd,stressid,stressid
0,0.2597341,1.0,stressid_tmvd,stressid,stressid
0,0.2597409,1.0,stressid_tmvd,stressid,stressid
0,0.25973576,1.0,stressid_tmvd,stressid,stressid
0,0.25973693,1.0,stressid_tmvd,stressid,stressid
0,0.2597478,1.0,stressid_tmvd,stressid,stressid
0,0.25975856,1.0,stressid_tmvd,stressid,stressid
0,0.4818853,1.0,stressid_tmvd,stressid,stressid
0,0.2597645,1.0,stressid_tmvd,stressid,stressid
0,0.25975385,1.0,stressid_tmvd,stressid,stressid
0,0.25974053,1.0,stressid_tmvd,stressid,stressid
0,0.25973552,1.0,stressid_tmvd,stressid,stressid
0,0.25974122,1.0,stressid_tmvd,stressid,stressid
0,0.25973845,1.0,stressid_tmvd,stressid,stressid
0,0.2597377,1.0,stressid_tmvd,stressid,stressid
0,0.4385855,1.0,stressid_tmvd,stressid,stressid
0,0.4324691,1.0,stressid_tmvd,stressid,stressid
0,0.43496114,1.0,stressid_tmvd,stressid,stressid
0,0.45480078,1.0,stressid_tmvd,stressid,stressid
0,0.495317,1.0,stressid_tmvd,stressid,stressid
0,0.4793473,1.0,stressid_tmvd,stressid,stressid
0,0.3983505,1.0,stressid_tmvd,stressid,stressid
0,0.39940012,1.0,stressid_tmvd,stressid,stressid
0,0.39406583,1.0,stressid_tmvd,stressid,stressid
0,0.39442536,1.0,stressid_tmvd,stressid,stressid
0,0.38939428,1.0,stressid_tmvd,stressid,stressid
0,0.38047937,1.0,stressid_tmvd,stressid,stressid
0,0.35487714,1.0,stressid_tmvd,stressid,stressid
0,0.34651765,1.0,stressid_tmvd,stressid,stressid
0,0.34033296,1.0,stressid_tmvd,stressid,stressid
0,0.3383108,1.0,stressid_tmvd,stressid,stressid
0,0.45187923,1.0,stressid_tmvd,stressid,stressid
0,0.33192453,1.0,stressid_tmvd,stressid,stressid
0,0.3264934,1.0,stressid_tmvd,stressid,stressid
0,0.25982767,1.0,stressid_tmvd,stressid,stressid
0,0.25983438,1.0,stressid_tmvd,stressid,stressid
0,0.25984234,1.0,stressid_tmvd,stressid,stressid
0,0.25984016,1.0,stressid_tmvd,stressid,stressid
0,0.2598386,1.0,stressid_tmvd,stressid,stressid
0,0.25984234,1.0,stressid_tmvd,stressid,stressid
0,0.25983986,1.0,stressid_tmvd,stressid,stressid
0,0.2598384,1.0,stressid_tmvd,stressid,stressid
0,0.45243368,1.0,stressid_tmvd,stressid,stressid
0,0.2598377,1.0,stressid_tmvd,stressid,stressid
0,0.25971687,1.0,stressid_tmvd,stressid,stressid
0,0.26001716,1.0,stressid_tmvd,stressid,stressid
0,0.25985113,1.0,stressid_tmvd,stressid,stressid
0,0.25984558,1.0,stressid_tmvd,stressid,stressid
0,0.25985017,1.0,stressid_tmvd,stressid,stressid
0,0.25985113,1.0,stressid_tmvd,stressid,stressid
0,0.25982803,1.0,stressid_tmvd,stressid,stressid
0,0.4515516,1.0,stressid_tmvd,stressid,stressid
0,0.454612,1.0,stressid_tmvd,stressid,stressid
0,0.4271796,1.0,stressid_tmvd,stressid,stressid
0,0.40411294,1.0,stressid_tmvd,stressid,stressid
0,0.40352842,1.0,stressid_tmvd,stressid,stressid
0,0.39973748,1.0,stressid_tmvd,stressid,stressid
0,0.15754433,1.0,stressid_h8r2,stressid,stressid
0,0.1577127,1.0,stressid_h8r2,stressid,stressid
0,0.1474015,1.0,stressid_h8r2,stressid,stressid
0,0.14908716,1.0,stressid_h8r2,stressid,stressid
0,0.14629099,1.0,stressid_h8r2,stressid,stressid
0,0.14530718,1.0,stressid_h8r2,stressid,stressid
0,0.14954597,1.0,stressid_h8r2,stressid,stressid
0,0.1477084,1.0,stressid_h8r2,stressid,stressid
0,0.14360811,1.0,stressid_h8r2,stressid,stressid
0,0.14542906,1.0,stressid_h8r2,stressid,stressid
0,0.14818999,1.0,stressid_h8r2,stressid,stressid
0,0.14803655,1.0,stressid_h8r2,stressid,stressid
0,0.15356243,1.0,stressid_h8r2,stressid,stressid
0,0.14814003,1.0,stressid_h8r2,stressid,stressid
0,0.14578019,1.0,stressid_h8r2,stressid,stressid
0,0.14163548,1.0,stressid_h8r2,stressid,stressid
0,0.14187482,1.0,stressid_h8r2,stressid,stressid
0,0.14240763,1.0,stressid_h8r2,stressid,stressid
0,0.1481336,1.0,stressid_h8r2,stressid,stressid
0,0.14188132,1.0,stressid_h8r2,stressid,stressid
0,0.13948853,1.0,stressid_h8r2,stressid,stressid
0,0.14372855,1.0,stressid_h8r2,stressid,stressid
0,0.1472589,1.0,stressid_h8r2,stressid,stressid
0,0.15027358,1.0,stressid_h8r2,stressid,stressid
0,0.15296125,1.0,stressid_h8r2,stressid,stressid
0,0.16289507,1.0,stressid_h8r2,stressid,stressid
0,0.17020632,1.0,stressid_h8r2,stressid,stressid
0,0.1740834,1.0,stressid_h8r2,stressid,stressid
0,0.1768981,1.0,stressid_h8r2,stressid,stressid
0,0.15291695,1.0,stressid_h8r2,stressid,stressid
0,0.15362836,1.0,stressid_h8r2,stressid,stressid
0,0.1490307,1.0,stressid_h8r2,stressid,stressid
0,0.14829245,1.0,stressid_h8r2,stressid,stressid
0,0.14678712,1.0,stressid_h8r2,stressid,stressid
0,0.14573911,1.0,stressid_h8r2,stressid,stressid
1,0.56364036,1.0,stressid_h8r2,stressid,stressid
1,0.5809567,1.0,stressid_h8r2,stressid,stressid
1,0.5862247,1.0,stressid_h8r2,stressid,stressid
1,0.602224,1.0,stressid_h8r2,stressid,stressid
1,0.6206781,1.0,stressid_h8r2,stressid,stressid
1,0.5952122,1.0,stressid_h8r2,stressid,stressid
1,0.592054,1.0,stressid_h8r2,stressid,stressid
1,0.61412567,1.0,stressid_h8r2,stressid,stressid
1,0.6623391,1.0,stressid_h8r2,stressid,stressid
1,0.6336763,1.0,stressid_h8r2,stressid,stressid
1,0.619586,1.0,stressid_h8r2,stressid,stressid
1,0.54940367,1.0,stressid_h8r2,stressid,stressid
1,0.54103,1.0,stressid_h8r2,stressid,stressid
1,0.5876909,1.0,stressid_h8r2,stressid,stressid
1,0.6642618,1.0,stressid_h8r2,stressid,stressid
1,0.63544023,1.0,stressid_h8r2,stressid,stressid
1,0.56395626,1.0,stressid_h8r2,stressid,stressid
1,0.5342429,1.0,stressid_h8r2,stressid,stressid
1,0.5275013,1.0,stressid_h8r2,stressid,stressid
1,0.52997917,1.0,stressid_h8r2,stressid,stressid
1,0.55255646,1.0,stressid_h8r2,stressid,stressid
1,0.604743,1.0,stressid_h8r2,stressid,stressid
1,0.5404359,1.0,stressid_h8r2,stressid,stressid
1,0.54374844,1.0,stressid_h8r2,stressid,stressid
1,0.58415514,1.0,stressid_h8r2,stressid,stressid
1,0.5864479,1.0,stressid_h8r2,stressid,stressid
1,0.6453661,1.0,stressid_h8r2,stressid,stressid
1,0.6763487,1.0,stressid_h8r2,stressid,stressid
1,0.58124983,1.0,stressid_h8r2,stressid,stressid
1,0.56735384,1.0,stressid_h8r2,stressid,stressid
1,0.6633999,1.0,stressid_h8r2,stressid,stressid
1,0.6481116,1.0,stressid_h8r2,stressid,stressid
1,0.63295716,1.0,stressid_h8r2,stressid,stressid
1,0.6478739,1.0,stressid_h8r2,stressid,stressid
1,0.60846686,1.0,stressid_h8r2,stressid,stressid
1,0.5570413,1.0,stressid_h8r2,stressid,stressid
1,0.55473566,1.0,stressid_h8r2,stressid,stressid
1,0.5724242,1.0,stressid_h8r2,stressid,stressid
1,0.5789076,1.0,stressid_h8r2,stressid,stressid
1,0.56591445,1.0,stressid_h8r2,stressid,stressid
1,0.6381431,1.0,stressid_h8r2,stressid,stressid
1,0.68749607,1.0,stressid_h8r2,stressid,stressid
1,0.68601495,1.0,stressid_h8r2,stressid,stressid
1,0.601998,1.0,stressid_h8r2,stressid,stressid
1,0.66298664,1.0,stressid_h8r2,stressid,stressid
1,0.69820946,1.0,stressid_h8r2,stressid,stressid
1,0.6611008,1.0,stressid_h8r2,stressid,stressid
1,0.627948,1.0,stressid_h8r2,stressid,stressid
1,0.59867406,1.0,stressid_h8r2,stressid,stressid
1,0.5407824,1.0,stressid_h8r2,stressid,stressid
1,0.5150571,1.0,stressid_h8r2,stressid,stressid
1,0.53034264,1.0,stressid_h8r2,stressid,stressid
1,0.5868313,1.0,stressid_h8r2,stressid,stressid
1,0.5987327,1.0,stressid_h8r2,stressid,stressid
1,0.5940864,1.0,stressid_h8r2,stressid,stressid
1,0.6096606,1.0,stressid_h8r2,stressid,stressid
1,0.63608223,1.0,stressid_h8r2,stressid,stressid
1,0.5818864,1.0,stressid_h8r2,stressid,stressid
1,0.57249296,1.0,stressid_h8r2,stressid,stressid
1,0.70883685,1.0,stressid_h8r2,stressid,stressid
1,0.6095402,1.0,stressid_h8r2,stressid,stressid
1,0.6297725,1.0,stressid_h8r2,stressid,stressid
1,0.6247945,1.0,stressid_h8r2,stressid,stressid
1,0.6001643,1.0,stressid_h8r2,stressid,stressid
1,0.5205631,1.0,stressid_h8r2,stressid,stressid
1,0.5498033,1.0,stressid_h8r2,stressid,stressid
1,0.5949704,1.0,stressid_h8r2,stressid,stressid
1,0.624501,1.0,stressid_h8r2,stressid,stressid
1,0.5413238,1.0,stressid_h8r2,stressid,stressid
1,0.5425264,1.0,stressid_h8r2,stressid,stressid
1,0.6443574,1.0,stressid_h8r2,stressid,stressid
1,0.73787844,1.0,stressid_h8r2,stressid,stressid
1,0.6830466,1.0,stressid_h8r2,stressid,stressid
1,0.6025292,1.0,stressid_h8r2,stressid,stressid
1,0.6593452,1.0,stressid_h8r2,stressid,stressid
1,0.70865834,1.0,stressid_h8r2,stressid,stressid
0,0.5477061,1.0,stressid_h8r2,stressid,stressid
0,0.5332733,1.0,stressid_h8r2,stressid,stressid
0,0.592419,1.0,stressid_h8r2,stressid,stressid
0,0.6126771,1.0,stressid_h8r2,stressid,stressid
0,0.5978181,1.0,stressid_h8r2,stressid,stressid
0,0.5686812,1.0,stressid_h8r2,stressid,stressid
0,0.5979444,1.0,stressid_h8r2,stressid,stressid
0,0.634161,1.0,stressid_h8r2,stressid,stressid
0,0.5376334,1.0,stressid_h8r2,stressid,stressid
0,0.55158514,1.0,stressid_h8r2,stressid,stressid
0,0.5853405,1.0,stressid_h8r2,stressid,stressid
0,0.5585827,1.0,stressid_h8r2,stressid,stressid
0,0.5209012,1.0,stressid_h8r2,stressid,stressid
0,0.5180535,1.0,stressid_h8r2,stressid,stressid
0,0.5525894,1.0,stressid_h8r2,stressid,stressid
0,0.54603755,1.0,stressid_h8r2,stressid,stressid
0,0.53372926,1.0,stressid_h8r2,stressid,stressid
0,0.61062235,1.0,stressid_h8r2,stressid,stressid
0,0.6163944,1.0,stressid_h8r2,stressid,stressid
0,0.148291,1.0,stressid_h8r2,stressid,stressid
0,0.14983675,1.0,stressid_h8r2,stressid,stressid
0,0.1815174,1.0,stressid_h8r2,stressid,stressid
0,0.1774258,1.0,stressid_h8r2,stressid,stressid
0,0.18711732,1.0,stressid_h8r2,stressid,stressid
0,0.19044055,1.0,stressid_h8r2,stressid,stressid
0,0.18626991,1.0,stressid_h8r2,stressid,stressid
0,0.18556353,1.0,stressid_h8r2,stressid,stressid
0,0.19281738,1.0,stressid_h8r2,stressid,stressid
0,0.22022691,1.0,stressid_h8r2,stressid,stressid
0,0.2053165,1.0,stressid_h8r2,stressid,stressid
0,0.20759645,1.0,stressid_h8r2,stressid,stressid
0,0.1621573,1.0,stressid_h8r2,stressid,stressid
0,0.19617686,1.0,stressid_h8r2,stressid,stressid
0,0.1909503,1.0,stressid_h8r2,stressid,stressid
0,0.2266272,1.0,stressid_h8r2,stressid,stressid
0,0.21699148,1.0,stressid_h8r2,stressid,stressid
0,0.21135175,1.0,stressid_h8r2,stressid,stressid
0,0.20442255,1.0,stressid_h8r2,stressid,stressid
0,0.19627157,1.0,stressid_h8r2,stressid,stressid
0,0.18924302,1.0,stressid_h8r2,stressid,stressid
0,0.18621911,1.0,stressid_h8r2,stressid,stressid
0,0.2598928,1.0,stressid_h8r2,stressid,stressid
0,0.17582451,1.0,stressid_h8r2,stressid,stressid
0,0.2599136,1.0,stressid_h8r2,stressid,stressid
0,0.26002473,1.0,stressid_h8r2,stressid,stressid
0,0.2601533,1.0,stressid_h8r2,stressid,stressid
0,0.2602377,1.0,stressid_h8r2,stressid,stressid
0,0.26035532,1.0,stressid_h8r2,stressid,stressid
0,0.2604747,1.0,stressid_h8r2,stressid,stressid
0,0.26141053,1.0,stressid_h8r2,stressid,stressid
0,0.26524636,1.0,stressid_h8r2,stressid,stressid
0,0.2641415,1.0,stressid_h8r2,stressid,stressid
0,0.2604933,1.0,stressid_h8r2,stressid,stressid
0,0.17993498,1.0,stressid_h8r2,stressid,stressid
0,0.2605282,1.0,stressid_h8r2,stressid,stressid
0,0.26054588,1.0,stressid_h8r2,stressid,stressid
0,0.26062658,1.0,stressid_h8r2,stressid,stressid
0,0.2606443,1.0,stressid_h8r2,stressid,stressid
0,0.26058677,1.0,stressid_h8r2,stressid,stressid
0,0.2606491,1.0,stressid_h8r2,stressid,stressid
0,0.26070964,1.0,stressid_h8r2,stressid,stressid
0,0.26168287,1.0,stressid_h8r2,stressid,stressid
0,0.2617708,1.0,stressid_h8r2,stressid,stressid
0,0.18340729,1.0,stressid_h8r2,stressid,stressid
0,0.17753725,1.0,stressid_h8r2,stressid,stressid
0,0.1767767,1.0,stressid_h8r2,stressid,stressid
0,0.1732271,1.0,stressid_h8r2,stressid,stressid
0,0.17321503,1.0,stressid_h8r2,stressid,stressid
1,0.61145467,1.0,stressid_h8r2,stressid,stressid
1,0.6342855,1.0,stressid_h8r2,stressid,stressid
1,0.61503243,1.0,stressid_h8r2,stressid,stressid
1,0.7280383,1.0,stressid_h8r2,stressid,stressid
1,0.61488634,1.0,stressid_h8r2,stressid,stressid
1,0.5496137,1.0,stressid_h8r2,stressid,stressid
1,0.5711993,1.0,stressid_h8r2,stressid,stressid
1,0.68833035,1.0,stressid_h8r2,stressid,stressid
1,0.735506,1.0,stressid_h8r2,stressid,stressid
1,0.61689293,1.0,stressid_h8r2,stressid,stressid
1,0.63203734,1.0,stressid_h8r2,stressid,stressid
1,0.5332852,1.0,stressid_h8r2,stressid,stressid
1,0.518794,1.0,stressid_h8r2,stressid,stressid
1,0.5796916,1.0,stressid_h8r2,stressid,stressid
1,0.57718784,1.0,stressid_h8r2,stressid,stressid
1,0.55744,1.0,stressid_h8r2,stressid,stressid
1,0.6069324,1.0,stressid_h8r2,stressid,stressid
1,0.61550546,1.0,stressid_h8r2,stressid,stressid
1,0.5973228,1.0,stressid_h8r2,stressid,stressid
1,0.60005856,1.0,stressid_h8r2,stressid,stressid
1,0.59668106,1.0,stressid_h8r2,stressid,stressid
1,0.60013986,1.0,stressid_h8r2,stressid,stressid
1,0.6294225,1.0,stressid_h8r2,stressid,stressid
1,0.5596061,1.0,stressid_h8r2,stressid,stressid
1,0.5855127,1.0,stressid_h8r2,stressid,stressid
1,0.61325926,1.0,stressid_h8r2,stressid,stressid
1,0.6947565,1.0,stressid_h8r2,stressid,stressid
1,0.69810635,1.0,stressid_h8r2,stressid,stressid
1,0.60040766,1.0,stressid_h8r2,stressid,stressid
1,0.5348752,1.0,stressid_h8r2,stressid,stressid
1,0.5857278,1.0,stressid_h8r2,stressid,stressid
1,0.6198451,1.0,stressid_h8r2,stressid,stressid
1,0.60011697,1.0,stressid_h8r2,stressid,stressid
1,0.5836163,1.0,stressid_h8r2,stressid,stressid
1,0.5557539,1.0,stressid_h8r2,stressid,stressid
1,0.65763175,1.0,stressid_h8r2,stressid,stressid
1,0.74836224,1.0,stressid_h8r2,stressid,stressid
1,0.6867466,1.0,stressid_h8r2,stressid,stressid
0,0.123910256,1.0,stressid_h8r2,stressid,stressid
0,0.13182642,1.0,stressid_h8r2,stressid,stressid
0,0.12334878,1.0,stressid_h8r2,stressid,stressid
0,0.13124928,1.0,stressid_h8r2,stressid,stressid
0,0.14036617,1.0,stressid_h8r2,stressid,stressid
0,0.13394012,1.0,stressid_h8r2,stressid,stressid
0,0.12973136,1.0,stressid_h8r2,stressid,stressid
0,0.12781575,1.0,stressid_h8r2,stressid,stressid
0,0.12920465,1.0,stressid_h8r2,stressid,stressid
0,0.13746317,1.0,stressid_h8r2,stressid,stressid
0,0.14980325,1.0,stressid_h8r2,stressid,stressid
0,0.14031394,1.0,stressid_h8r2,stressid,stressid
0,0.1417368,1.0,stressid_h8r2,stressid,stressid
0,0.12848412,1.0,stressid_h8r2,stressid,stressid
0,0.13114008,1.0,stressid_h8r2,stressid,stressid
0,0.13742456,1.0,stressid_h8r2,stressid,stressid
0,0.13674495,1.0,stressid_h8r2,stressid,stressid
0,0.13428114,1.0,stressid_h8r2,stressid,stressid
0,0.13768062,1.0,stressid_h8r2,stressid,stressid
0,0.14227262,1.0,stressid_h8r2,stressid,stressid
0,0.15845956,1.0,stressid_h8r2,stressid,stressid
0,0.15351538,1.0,stressid_h8r2,stressid,stressid
0,0.14736743,1.0,stressid_h8r2,stressid,stressid
0,0.13611552,1.0,stressid_h8r2,stressid,stressid
0,0.14427274,1.0,stressid_h8r2,stressid,stressid
0,0.1312201,1.0,stressid_h8r2,stressid,stressid
0,0.13960531,1.0,stressid_h8r2,stressid,stressid
0,0.2556745,1.0,stressid_h8r2,stressid,stressid
0,0.2561334,1.0,stressid_h8r2,stressid,stressid
0,0.25461724,1.0,stressid_h8r2,stressid,stressid
0,0.25452518,1.0,stressid_h8r2,stressid,stressid
0,0.25575593,1.0,stressid_h8r2,stressid,stressid
0,0.25764343,1.0,stressid_h8r2,stressid,stressid
0,0.25765535,1.0,stressid_h8r2,stressid,stressid
0,0.1454699,1.0,stressid_h8r2,stressid,stressid
0,0.25682607,1.0,stressid_h8r2,stressid,stressid
0,0.2572798,1.0,stressid_h8r2,stressid,stressid
0,0.25582853,1.0,stressid_h8r2,stressid,stressid
0,0.25774068,1.0,stressid_h8r2,stressid,stressid
0,0.26346105,1.0,stressid_h8r2,stressid,stressid
0,0.2626161,1.0,stressid_h8r2,stressid,stressid
0,0.26617828,1.0,stressid_h8r2,stressid,stressid
0,0.261754,1.0,stressid_h8r2,stressid,stressid
0,0.2560553,1.0,stressid_h8r2,stressid,stressid
0,0.25458196,1.0,stressid_h8r2,stressid,stressid
0,0.13695748,1.0,stressid_h8r2,stressid,stressid
0,0.2542669,1.0,stressid_h8r2,stressid,stressid
0,0.2542216,1.0,stressid_h8r2,stressid,stressid
0,0.25350383,1.0,stressid_h8r2,stressid,stressid
0,0.25365636,1.0,stressid_h8r2,stressid,stressid
0,0.25408962,1.0,stressid_h8r2,stressid,stressid
0,0.25553918,1.0,stressid_h8r2,stressid,stressid
0,0.25551537,1.0,stressid_h8r2,stressid,stressid
0,0.13799956,1.0,stressid_h8r2,stressid,stressid
0,0.15088747,1.0,stressid_h8r2,stressid,stressid
0,0.13333984,1.0,stressid_h8r2,stressid,stressid
0,0.12259601,1.0,stressid_h8r2,stressid,stressid
0,0.1400391,1.0,stressid_h8r2,stressid,stressid
0,0.13306896,1.0,stressid_h8r2,stressid,stressid
0,0.14909092,1.0,stressid_h8r2,stressid,stressid
0,0.13330378,1.0,stressid_h8r2,stressid,stressid
0,0.13717814,1.0,stressid_h8r2,stressid,stressid
0,0.14969517,1.0,stressid_h8r2,stressid,stressid
0,0.14482515,1.0,stressid_h8r2,stressid,stressid
0,0.1359979,1.0,stressid_h8r2,stressid,stressid
0,0.13493153,1.0,stressid_h8r2,stressid,stressid
0,0.13850346,1.0,stressid_h8r2,stressid,stressid
0,0.14060996,1.0,stressid_h8r2,stressid,stressid
0,0.1393684,1.0,stressid_h8r2,stressid,stressid
0,0.17766538,1.0,stressid_h8r2,stressid,stressid
0,0.12821804,1.0,stressid_h8r2,stressid,stressid
0,0.121531986,1.0,stressid_h8r2,stressid,stressid
0,0.25358632,1.0,stressid_h8r2,stressid,stressid
0,0.25364122,1.0,stressid_h8r2,stressid,stressid
0,0.25419423,1.0,stressid_h8r2,stressid,stressid
0,0.25491574,1.0,stressid_h8r2,stressid,stressid
0,0.25416136,1.0,stressid_h8r2,stressid,stressid
0,0.25422922,1.0,stressid_h8r2,stressid,stressid
0,0.2540716,1.0,stressid_h8r2,stressid,stressid
0,0.25379497,1.0,stressid_h8r2,stressid,stressid
0,0.20255291,1.0,stressid_h8r2,stressid,stressid
0,0.25393793,1.0,stressid_h8r2,stressid,stressid
0,0.2538695,1.0,stressid_h8r2,stressid,stressid
0,0.2536348,1.0,stressid_h8r2,stressid,stressid
0,0.2538727,1.0,stressid_h8r2,stressid,stressid
0,0.2539431,1.0,stressid_h8r2,stressid,stressid
0,0.2537836,1.0,stressid_h8r2,stressid,stressid
0,0.25367597,1.0,stressid_h8r2,stressid,stressid
0,0.2542526,1.0,stressid_h8r2,stressid,stressid
0,0.18046911,1.0,stressid_h8r2,stressid,stressid
0,0.17155826,1.0,stressid_h8r2,stressid,stressid
0,0.14674431,1.0,stressid_h8r2,stressid,stressid
0,0.14214855,1.0,stressid_h8r2,stressid,stressid
0,0.13766381,1.0,stressid_h8r2,stressid,stressid
0,0.14971934,1.0,stressid_h8r2,stressid,stressid
0,0.37461057,1.0,stressid_h8s1,stressid,stressid
0,0.3839277,1.0,stressid_h8s1,stressid,stressid
0,0.2120746,1.0,stressid_h8s1,stressid,stressid
0,0.22041541,1.0,stressid_h8s1,stressid,stressid
0,0.21605863,1.0,stressid_h8s1,stressid,stressid
0,0.21304606,1.0,stressid_h8s1,stressid,stressid
0,0.21356001,1.0,stressid_h8s1,stressid,stressid
0,0.21003121,1.0,stressid_h8s1,stressid,stressid
0,0.2136202,1.0,stressid_h8s1,stressid,stressid
0,0.21996395,1.0,stressid_h8s1,stressid,stressid
0,0.2268194,1.0,stressid_h8s1,stressid,stressid
0,0.22057587,1.0,stressid_h8s1,stressid,stressid
0,0.33318198,1.0,stressid_h8s1,stressid,stressid
0,0.2159035,1.0,stressid_h8s1,stressid,stressid
0,0.21602724,1.0,stressid_h8s1,stressid,stressid
0,0.21985497,1.0,stressid_h8s1,stressid,stressid
0,0.21849202,1.0,stressid_h8s1,stressid,stressid
0,0.2165633,1.0,stressid_h8s1,stressid,stressid
0,0.2302222,1.0,stressid_h8s1,stressid,stressid
0,0.22956738,1.0,stressid_h8s1,stressid,stressid
0,0.22985536,1.0,stressid_h8s1,stressid,stressid
0,0.22350577,1.0,stressid_h8s1,stressid,stressid
0,0.21693406,1.0,stressid_h8s1,stressid,stressid
0,0.2654971,1.0,stressid_h8s1,stressid,stressid
0,0.21898031,1.0,stressid_h8s1,stressid,stressid
0,0.21687026,1.0,stressid_h8s1,stressid,stressid
0,0.22368194,1.0,stressid_h8s1,stressid,stressid
0,0.2218488,1.0,stressid_h8s1,stressid,stressid
0,0.21525955,1.0,stressid_h8s1,stressid,stressid
0,0.24770321,1.0,stressid_h8s1,stressid,stressid
0,0.2279001,1.0,stressid_h8s1,stressid,stressid
0,0.22018865,1.0,stressid_h8s1,stressid,stressid
0,0.21978448,1.0,stressid_h8s1,stressid,stressid
0,0.217937,1.0,stressid_h8s1,stressid,stressid
0,0.2101498,1.0,stressid_h8s1,stressid,stressid
0,0.20692976,1.0,stressid_h8s1,stressid,stressid
1,0.7692666,1.0,stressid_h8s1,stressid,stressid
1,0.7660125,1.0,stressid_h8s1,stressid,stressid
1,0.72038907,1.0,stressid_h8s1,stressid,stressid
1,0.7454521,1.0,stressid_h8s1,stressid,stressid
1,0.7436497,1.0,stressid_h8s1,stressid,stressid
1,0.7557653,1.0,stressid_h8s1,stressid,stressid
1,0.7402865,1.0,stressid_h8s1,stressid,stressid
1,0.75368977,1.0,stressid_h8s1,stressid,stressid
1,0.7534377,1.0,stressid_h8s1,stressid,stressid
1,0.730815,1.0,stressid_h8s1,stressid,stressid
1,0.72872686,1.0,stressid_h8s1,stressid,stressid
1,0.7739305,1.0,stressid_h8s1,stressid,stressid
1,0.7548702,1.0,stressid_h8s1,stressid,stressid
1,0.74200785,1.0,stressid_h8s1,stressid,stressid
1,0.752982,1.0,stressid_h8s1,stressid,stressid
1,0.7593244,1.0,stressid_h8s1,stressid,stressid
1,0.76034266,1.0,stressid_h8s1,stressid,stressid
1,0.75959134,1.0,stressid_h8s1,stressid,stressid
1,0.75030655,1.0,stressid_h8s1,stressid,stressid
1,0.7546795,1.0,stressid_h8s1,stressid,stressid
1,0.7495982,1.0,stressid_h8s1,stressid,stressid
1,0.74501663,1.0,stressid_h8s1,stressid,stressid
1,0.73587596,1.0,stressid_h8s1,stressid,stressid
1,0.7132266,1.0,stressid_h8s1,stressid,stressid
1,0.69785047,1.0,stressid_h8s1,stressid,stressid
1,0.6941744,1.0,stressid_h8s1,stressid,stressid
1,0.73114073,1.0,stressid_h8s1,stressid,stressid
1,0.76614153,1.0,stressid_h8s1,stressid,stressid
1,0.75689125,1.0,stressid_h8s1,stressid,stressid
1,0.713329,1.0,stressid_h8s1,stressid,stressid
1,0.7040293,1.0,stressid_h8s1,stressid,stressid
1,0.7174912,1.0,stressid_h8s1,stressid,stressid
1,0.70511484,1.0,stressid_h8s1,stressid,stressid
1,0.75700426,1.0,stressid_h8s1,stressid,stressid
1,0.7436087,1.0,stressid_h8s1,stressid,stressid
1,0.698945,1.0,stressid_h8s1,stressid,stressid
1,0.7372769,1.0,stressid_h8s1,stressid,stressid
1,0.7290582,1.0,stressid_h8s1,stressid,stressid
1,0.71834046,1.0,stressid_h8s1,stressid,stressid
1,0.71833783,1.0,stressid_h8s1,stressid,stressid
1,0.7191547,1.0,stressid_h8s1,stressid,stressid
1,0.7159216,1.0,stressid_h8s1,stressid,stressid
1,0.7168859,1.0,stressid_h8s1,stressid,stressid
1,0.70995563,1.0,stressid_h8s1,stressid,stressid
1,0.7569887,1.0,stressid_h8s1,stressid,stressid
1,0.75015515,1.0,stressid_h8s1,stressid,stressid
1,0.7401528,1.0,stressid_h8s1,stressid,stressid
1,0.7650662,1.0,stressid_h8s1,stressid,stressid
1,0.7658864,1.0,stressid_h8s1,stressid,stressid
1,0.7357285,1.0,stressid_h8s1,stressid,stressid
1,0.7041705,1.0,stressid_h8s1,stressid,stressid
1,0.6968509,1.0,stressid_h8s1,stressid,stressid
1,0.6928941,1.0,stressid_h8s1,stressid,stressid
1,0.74984556,1.0,stressid_h8s1,stressid,stressid
1,0.7723499,1.0,stressid_h8s1,stressid,stressid
0,0.2577965,1.0,stressid_h8s1,stressid,stressid
0,0.235454,1.0,stressid_h8s1,stressid,stressid
0,0.20778938,1.0,stressid_h8s1,stressid,stressid
0,0.21658058,1.0,stressid_h8s1,stressid,stressid
0,0.2205209,1.0,stressid_h8s1,stressid,stressid
0,0.2096455,1.0,stressid_h8s1,stressid,stressid
0,0.2016672,1.0,stressid_h8s1,stressid,stressid
0,0.20389752,1.0,stressid_h8s1,stressid,stressid
0,0.21499252,1.0,stressid_h8s1,stressid,stressid
0,0.22784452,1.0,stressid_h8s1,stressid,stressid
0,0.2212928,1.0,stressid_h8s1,stressid,stressid
0,0.21438013,1.0,stressid_h8s1,stressid,stressid
0,0.23690896,1.0,stressid_h8s1,stressid,stressid
0,0.20438424,1.0,stressid_h8s1,stressid,stressid
0,0.21789256,1.0,stressid_h8s1,stressid,stressid
0,0.23838067,1.0,stressid_h8s1,stressid,stressid
0,0.24239966,1.0,stressid_h8s1,stressid,stressid
0,0.24465264,1.0,stressid_h8s1,stressid,stressid
0,0.24117729,1.0,stressid_h8s1,stressid,stressid
0,0.23302606,1.0,stressid_h8s1,stressid,stressid
0,0.22198695,1.0,stressid_h8s1,stressid,stressid
0,0.21166909,1.0,stressid_h8s1,stressid,stressid
0,0.2478305,1.0,stressid_h8s1,stressid,stressid
0,0.22483605,1.0,stressid_h8s1,stressid,stressid
0,0.2282735,1.0,stressid_h8s1,stressid,stressid
0,0.23350821,1.0,stressid_h8s1,stressid,stressid
0,0.22752242,1.0,stressid_h8s1,stressid,stressid
0,0.22213222,1.0,stressid_h8s1,stressid,stressid
0,0.21762398,1.0,stressid_h8s1,stressid,stressid
0,0.21125826,1.0,stressid_h8s1,stressid,stressid
1,0.73691195,1.0,stressid_h8s1,stressid,stressid
1,0.74565333,1.0,stressid_h8s1,stressid,stressid
1,0.69530666,1.0,stressid_h8s1,stressid,stressid
1,0.72978693,1.0,stressid_h8s1,stressid,stressid
1,0.7232777,1.0,stressid_h8s1,stressid,stressid
1,0.7355199,1.0,stressid_h8s1,stressid,stressid
1,0.74012005,1.0,stressid_h8s1,stressid,stressid
1,0.7158658,1.0,stressid_h8s1,stressid,stressid
1,0.68980753,1.0,stressid_h8s1,stressid,stressid
1,0.6899311,1.0,stressid_h8s1,stressid,stressid
1,0.7085179,1.0,stressid_h8s1,stressid,stressid
1,0.7354561,1.0,stressid_h8s1,stressid,stressid
1,0.736292,1.0,stressid_h8s1,stressid,stressid
1,0.7355872,1.0,stressid_h8s1,stressid,stressid
1,0.751016,1.0,stressid_h8s1,stressid,stressid
1,0.7500497,1.0,stressid_h8s1,stressid,stressid
1,0.7342869,1.0,stressid_h8s1,stressid,stressid
1,0.7039831,1.0,stressid_h8s1,stressid,stressid
1,0.7231274,1.0,stressid_h8s1,stressid,stressid
1,0.7339988,1.0,stressid_h8s1,stressid,stressid
1,0.702073,1.0,stressid_h8s1,stressid,stressid
1,0.71547526,1.0,stressid_h8s1,stressid,stressid
0,0.25901872,1.0,stressid_h8s1,stressid,stressid
0,0.23774241,1.0,stressid_h8s1,stressid,stressid
0,0.26028308,1.0,stressid_h8s1,stressid,stressid
0,0.2487585,1.0,stressid_h8s1,stressid,stressid
0,0.23828252,1.0,stressid_h8s1,stressid,stressid
0,0.23132709,1.0,stressid_h8s1,stressid,stressid
0,0.23181714,1.0,stressid_h8s1,stressid,stressid
0,0.23662613,1.0,stressid_h8s1,stressid,stressid
0,0.23985016,1.0,stressid_h8s1,stressid,stressid
0,0.2362429,1.0,stressid_h8s1,stressid,stressid
0,0.22472478,1.0,stressid_h8s1,stressid,stressid
0,0.24870579,1.0,stressid_h8s1,stressid,stressid
0,0.24709333,1.0,stressid_h8s1,stressid,stressid
0,0.25543997,1.0,stressid_h8s1,stressid,stressid
0,0.2463093,1.0,stressid_h8s1,stressid,stressid
0,0.24673104,1.0,stressid_h8s1,stressid,stressid
0,0.24083328,1.0,stressid_h8s1,stressid,stressid
0,0.23595014,1.0,stressid_h8s1,stressid,stressid
0,0.23609327,1.0,stressid_h8s1,stressid,stressid
0,0.2443278,1.0,stressid_h8s1,stressid,stressid
0,0.25715217,1.0,stressid_h8s1,stressid,stressid
0,0.24833122,1.0,stressid_h8s1,stressid,stressid
0,0.25601846,1.0,stressid_h8s1,stressid,stressid
0,0.2568567,1.0,stressid_h8s1,stressid,stressid
0,0.26005748,1.0,stressid_h8s1,stressid,stressid
0,0.25788808,1.0,stressid_h8s1,stressid,stressid
0,0.2487073,1.0,stressid_h8s1,stressid,stressid
0,0.24813586,1.0,stressid_h8s1,stressid,stressid
0,0.24799187,1.0,stressid_h8s1,stressid,stressid
0,0.24923605,1.0,stressid_h8s1,stressid,stressid
0,0.23285292,1.0,stressid_h8s1,stressid,stressid
0,0.22235723,1.0,stressid_h8s1,stressid,stressid
0,0.22552375,1.0,stressid_h8s1,stressid,stressid
0,0.23411526,1.0,stressid_h8s1,stressid,stressid
0,0.25180176,1.0,stressid_h8s1,stressid,stressid
0,0.23150283,1.0,stressid_h8s1,stressid,stressid
0,0.23265195,1.0,stressid_h8s1,stressid,stressid
0,0.24043757,1.0,stressid_h8s1,stressid,stressid
0,0.28260058,1.0,stressid_h8s1,stressid,stressid
0,0.31890997,1.0,stressid_h8s1,stressid,stressid
0,0.2888594,1.0,stressid_h8s1,stressid,stressid
0,0.26855254,1.0,stressid_h8s1,stressid,stressid
0,0.2525016,1.0,stressid_h8s1,stressid,stressid
0,0.23912181,1.0,stressid_h8s1,stressid,stressid
0,0.23305334,1.0,stressid_h8s1,stressid,stressid
0,0.22279325,1.0,stressid_h8s1,stressid,stressid
0,0.215164,1.0,stressid_h8s1,stressid,stressid
0,0.2439012,1.0,stressid_h8s1,stressid,stressid
0,0.21107963,1.0,stressid_h8s1,stressid,stressid
0,0.21138434,1.0,stressid_h8s1,stressid,stressid
0,0.24724992,1.0,stressid_h8s1,stressid,stressid
0,0.24224126,1.0,stressid_h8s1,stressid,stressid
0,0.23834299,1.0,stressid_h8s1,stressid,stressid
0,0.23323013,1.0,stressid_h8s1,stressid,stressid
0,0.22478573,1.0,stressid_h8s1,stressid,stressid
0,0.22535655,1.0,stressid_h8s1,stressid,stressid
0,0.22850378,1.0,stressid_h8s1,stressid,stressid
0,0.23657304,1.0,stressid_h8s1,stressid,stressid
0,0.3042802,1.0,stressid_x1q3,stressid,stressid
0,0.30123448,1.0,stressid_x1q3,stressid,stressid
0,0.30034736,1.0,stressid_x1q3,stressid,stressid
0,0.29724437,1.0,stressid_x1q3,stressid,stressid
0,0.23463863,1.0,stressid_x1q3,stressid,stressid
0,0.21489549,1.0,stressid_x1q3,stressid,stressid
0,0.2251719,1.0,stressid_x1q3,stressid,stressid
0,0.2342802,1.0,stressid_x1q3,stressid,stressid
0,0.25088438,1.0,stressid_x1q3,stressid,stressid
0,0.23418337,1.0,stressid_x1q3,stressid,stressid
0,0.23298047,1.0,stressid_x1q3,stressid,stressid
0,0.25183043,1.0,stressid_x1q3,stressid,stressid
0,0.24972133,1.0,stressid_x1q3,stressid,stressid
0,0.2446367,1.0,stressid_x1q3,stressid,stressid
0,0.22520038,1.0,stressid_x1q3,stressid,stressid
0,0.22368786,1.0,stressid_x1q3,stressid,stressid
0,0.24807332,1.0,stressid_x1q3,stressid,stressid
0,0.27034152,1.0,stressid_x1q3,stressid,stressid
0,0.23791856,1.0,stressid_x1q3,stressid,stressid
0,0.25228003,1.0,stressid_x1q3,stressid,stressid
0,0.27320546,1.0,stressid_x1q3,stressid,stressid
0,0.24314557,1.0,stressid_x1q3,stressid,stressid
0,0.22476803,1.0,stressid_x1q3,stressid,stressid
0,0.21860446,1.0,stressid_x1q3,stressid,stressid
0,0.22942351,1.0,stressid_x1q3,stressid,stressid
0,0.24775387,1.0,stressid_x1q3,stressid,stressid
0,0.24305598,1.0,stressid_x1q3,stressid,stressid
0,0.242048,1.0,stressid_x1q3,stressid,stressid
0,0.23424888,1.0,stressid_x1q3,stressid,stressid
0,0.22717626,1.0,stressid_x1q3,stressid,stressid
0,0.22714266,1.0,stressid_x1q3,stressid,stressid
0,0.22712205,1.0,stressid_x1q3,stressid,stressid
0,0.2271365,1.0,stressid_x1q3,stressid,stressid
0,0.22714919,1.0,stressid_x1q3,stressid,stressid
0,0.22043313,1.0,stressid_x1q3,stressid,stressid
0,0.22717246,1.0,stressid_x1q3,stressid,stressid
0,0.227171,1.0,stressid_x1q3,stressid,stressid
0,0.22713377,1.0,stressid_x1q3,stressid,stressid
0,0.2271371,1.0,stressid_x1q3,stressid,stressid
0,0.22716075,1.0,stressid_x1q3,stressid,stressid
0,0.22717874,1.0,stressid_x1q3,stressid,stressid
0,0.2271653,1.0,stressid_x1q3,stressid,stressid
0,0.22716478,1.0,stressid_x1q3,stressid,stressid
0,0.2271801,1.0,stressid_x1q3,stressid,stressid
0,0.22715819,1.0,stressid_x1q3,stressid,stressid
0,0.21347721,1.0,stressid_x1q3,stressid,stressid
0,0.22716948,1.0,stressid_x1q3,stressid,stressid
0,0.22719495,1.0,stressid_x1q3,stressid,stressid
0,0.22721452,1.0,stressid_x1q3,stressid,stressid
0,0.22720978,1.0,stressid_x1q3,stressid,stressid
0,0.22718543,1.0,stressid_x1q3,stressid,stressid
0,0.22720169,1.0,stressid_x1q3,stressid,stressid
0,0.22720608,1.0,stressid_x1q3,stressid,stressid
0,0.22719976,1.0,stressid_x1q3,stressid,stressid
0,0.22723863,1.0,stressid_x1q3,stressid,stressid
0,0.23556264,1.0,stressid_x1q3,stressid,stressid
0,0.22037259,1.0,stressid_x1q3,stressid,stressid
0,0.22142494,1.0,stressid_x1q3,stressid,stressid
0,0.25158116,1.0,stressid_x1q3,stressid,stressid
1,0.61807656,1.0,stressid_x1q3,stressid,stressid
1,0.5906998,1.0,stressid_x1q3,stressid,stressid
1,0.705815,1.0,stressid_x1q3,stressid,stressid
1,0.7817427,1.0,stressid_x1q3,stressid,stressid
1,0.77530324,1.0,stressid_x1q3,stressid,stressid
1,0.77773327,1.0,stressid_x1q3,stressid,stressid
1,0.77077466,1.0,stressid_x1q3,stressid,stressid
1,0.76551986,1.0,stressid_x1q3,stressid,stressid
1,0.7633715,1.0,stressid_x1q3,stressid,stressid
1,0.7675055,1.0,stressid_x1q3,stressid,stressid
1,0.77572477,1.0,stressid_x1q3,stressid,stressid
1,0.652172,1.0,stressid_x1q3,stressid,stressid
1,0.66026,1.0,stressid_x1q3,stressid,stressid
1,0.710553,1.0,stressid_x1q3,stressid,stressid
1,0.7468154,1.0,stressid_x1q3,stressid,stressid
1,0.74495184,1.0,stressid_x1q3,stressid,stressid
1,0.6790169,1.0,stressid_x1q3,stressid,stressid
1,0.68759316,1.0,stressid_x1q3,stressid,stressid
1,0.7318133,1.0,stressid_x1q3,stressid,stressid
1,0.64892095,1.0,stressid_x1q3,stressid,stressid
1,0.6410926,1.0,stressid_x1q3,stressid,stressid
1,0.76880795,1.0,stressid_x1q3,stressid,stressid
1,0.7663329,1.0,stressid_x1q3,stressid,stressid
1,0.7693088,1.0,stressid_x1q3,stressid,stressid
1,0.77620196,1.0,stressid_x1q3,stressid,stressid
1,0.78264576,1.0,stressid_x1q3,stressid,stressid
1,0.76888925,1.0,stressid_x1q3,stressid,stressid
1,0.7656195,1.0,stressid_x1q3,stressid,stressid
1,0.7759142,1.0,stressid_x1q3,stressid,stressid
1,0.77675056,1.0,stressid_x1q3,stressid,stressid
1,0.737667,1.0,stressid_x1q3,stressid,stressid
1,0.75147235,1.0,stressid_x1q3,stressid,stressid
1,0.76561683,1.0,stressid_x1q3,stressid,stressid
1,0.77500516,1.0,stressid_x1q3,stressid,stressid
1,0.7715616,1.0,stressid_x1q3,stressid,stressid
1,0.7791597,1.0,stressid_x1q3,stressid,stressid
1,0.7670556,1.0,stressid_x1q3,stressid,stressid
1,0.777264,1.0,stressid_x1q3,stressid,stressid
1,0.76592785,1.0,stressid_x1q3,stressid,stressid
1,0.7547202,1.0,stressid_x1q3,stressid,stressid
1,0.76825494,1.0,stressid_x1q3,stressid,stressid
1,0.7606612,1.0,stressid_x1q3,stressid,stressid
1,0.7608215,1.0,stressid_x1q3,stressid,stressid
1,0.77577406,1.0,stressid_x1q3,stressid,stressid
1,0.7635969,1.0,stressid_x1q3,stressid,stressid
1,0.7423517,1.0,stressid_x1q3,stressid,stressid
1,0.7608325,1.0,stressid_x1q3,stressid,stressid
1,0.76205355,1.0,stressid_x1q3,stressid,stressid
1,0.7581819,1.0,stressid_x1q3,stressid,stressid
1,0.7572525,1.0,stressid_x1q3,stressid,stressid
1,0.7689883,1.0,stressid_x1q3,stressid,stressid
1,0.78469735,1.0,stressid_x1q3,stressid,stressid
1,0.7846319,1.0,stressid_x1q3,stressid,stressid
1,0.77506095,1.0,stressid_x1q3,stressid,stressid
1,0.78317004,1.0,stressid_x1q3,stressid,stressid
1,0.7662307,1.0,stressid_x1q3,stressid,stressid
1,0.76508546,1.0,stressid_x1q3,stressid,stressid
1,0.7149145,1.0,stressid_x1q3,stressid,stressid
1,0.7739145,1.0,stressid_x1q3,stressid,stressid
1,0.74984384,1.0,stressid_x1q3,stressid,stressid
1,0.75645137,1.0,stressid_x1q3,stressid,stressid
1,0.7593506,1.0,stressid_x1q3,stressid,stressid
1,0.77595484,1.0,stressid_x1q3,stressid,stressid
1,0.7672825,1.0,stressid_x1q3,stressid,stressid
1,0.77530944,1.0,stressid_x1q3,stressid,stressid
1,0.7557189,1.0,stressid_x1q3,stressid,stressid
1,0.7560933,1.0,stressid_x1q3,stressid,stressid
1,0.7643607,1.0,stressid_x1q3,stressid,stressid
1,0.7675309,1.0,stressid_x1q3,stressid,stressid
1,0.75680083,1.0,stressid_x1q3,stressid,stressid
1,0.7426749,1.0,stressid_x1q3,stressid,stressid
1,0.71234864,1.0,stressid_x1q3,stressid,stressid
1,0.7102543,1.0,stressid_x1q3,stressid,stressid
1,0.72104406,1.0,stressid_x1q3,stressid,stressid
1,0.7433154,1.0,stressid_x1q3,stressid,stressid
1,0.77203214,1.0,stressid_x1q3,stressid,stressid
1,0.66053873,1.0,stressid_x1q3,stressid,stressid
1,0.7314666,1.0,stressid_x1q3,stressid,stressid
1,0.7505279,1.0,stressid_x1q3,stressid,stressid
1,0.76517004,1.0,stressid_x1q3,stressid,stressid
1,0.7569267,1.0,stressid_x1q3,stressid,stressid
1,0.76627475,1.0,stressid_x1q3,stressid,stressid
1,0.77217793,1.0,stressid_x1q3,stressid,stressid
1,0.7733572,1.0,stressid_x1q3,stressid,stressid
1,0.7660906,1.0,stressid_x1q3,stressid,stressid
1,0.77556866,1.0,stressid_x1q3,stressid,stressid
1,0.76446944,1.0,stressid_x1q3,stressid,stressid
1,0.7916522,1.0,stressid_x1q3,stressid,stressid
1,0.7751544,1.0,stressid_x1q3,stressid,stressid
1,0.7692485,1.0,stressid_x1q3,stressid,stressid
1,0.7754012,1.0,stressid_x1q3,stressid,stressid
1,0.7624542,1.0,stressid_x1q3,stressid,stressid
1,0.75808895,1.0,stressid_x1q3,stressid,stressid
1,0.75490224,1.0,stressid_x1q3,stressid,stressid
1,0.7535319,1.0,stressid_x1q3,stressid,stressid
0,0.17449793,1.0,stressid_x1q3,stressid,stressid
0,0.1714992,1.0,stressid_x1q3,stressid,stressid
0,0.19162053,1.0,stressid_x1q3,stressid,stressid
0,0.1888688,1.0,stressid_x1q3,stressid,stressid
0,0.19393131,1.0,stressid_x1q3,stressid,stressid
0,0.20460084,1.0,stressid_x1q3,stressid,stressid
0,0.20440486,1.0,stressid_x1q3,stressid,stressid
0,0.20934203,1.0,stressid_x1q3,stressid,stressid
0,0.24004401,1.0,stressid_x1q3,stressid,stressid
0,0.22205749,1.0,stressid_x1q3,stressid,stressid
0,0.20028572,1.0,stressid_x1q3,stressid,stressid
0,0.20045112,1.0,stressid_x1q3,stressid,stressid
0,0.17267437,1.0,stressid_x1q3,stressid,stressid
0,0.20321764,1.0,stressid_x1q3,stressid,stressid
0,0.20462689,1.0,stressid_x1q3,stressid,stressid
0,0.20554149,1.0,stressid_x1q3,stressid,stressid
0,0.20575608,1.0,stressid_x1q3,stressid,stressid
0,0.20693512,1.0,stressid_x1q3,stressid,stressid
0,0.20618059,1.0,stressid_x1q3,stressid,stressid
0,0.20959115,1.0,stressid_x1q3,stressid,stressid
0,0.20871788,1.0,stressid_x1q3,stressid,stressid
0,0.2073151,1.0,stressid_x1q3,stressid,stressid
0,0.2248968,1.0,stressid_x1q3,stressid,stressid
0,0.17472428,1.0,stressid_x1q3,stressid,stressid
0,0.22487098,1.0,stressid_x1q3,stressid,stressid
0,0.22485785,1.0,stressid_x1q3,stressid,stressid
0,0.22483557,1.0,stressid_x1q3,stressid,stressid
0,0.2248594,1.0,stressid_x1q3,stressid,stressid
0,0.22483307,1.0,stressid_x1q3,stressid,stressid
0,0.22476856,1.0,stressid_x1q3,stressid,stressid
0,0.22521289,1.0,stressid_x1q3,stressid,stressid
0,0.2260082,1.0,stressid_x1q3,stressid,stressid
0,0.22630315,1.0,stressid_x1q3,stressid,stressid
0,0.2264932,1.0,stressid_x1q3,stressid,stressid
0,0.17192398,1.0,stressid_x1q3,stressid,stressid
0,0.22668006,1.0,stressid_x1q3,stressid,stressid
0,0.22621216,1.0,stressid_x1q3,stressid,stressid
0,0.2259489,1.0,stressid_x1q3,stressid,stressid
0,0.22589287,1.0,stressid_x1q3,stressid,stressid
0,0.2252982,1.0,stressid_x1q3,stressid,stressid
0,0.22489247,1.0,stressid_x1q3,stressid,stressid
0,0.22498555,1.0,stressid_x1q3,stressid,stressid
0,0.22498943,1.0,stressid_x1q3,stressid,stressid
0,0.22490937,1.0,stressid_x1q3,stressid,stressid
0,0.17795618,1.0,stressid_x1q3,stressid,stressid
0,0.17957295,1.0,stressid_x1q3,stressid,stressid
0,0.17293698,1.0,stressid_x1q3,stressid,stressid
0,0.17527221,1.0,stressid_x1q3,stressid,stressid
0,0.18895997,1.0,stressid_x1q3,stressid,stressid
1,0.67305106,1.0,stressid_x1q3,stressid,stressid
1,0.7092948,1.0,stressid_x1q3,stressid,stressid
1,0.6344827,1.0,stressid_x1q3,stressid,stressid
1,0.76016265,1.0,stressid_x1q3,stressid,stressid
1,0.7759908,1.0,stressid_x1q3,stressid,stressid
1,0.762076,1.0,stressid_x1q3,stressid,stressid
1,0.75852245,1.0,stressid_x1q3,stressid,stressid
1,0.7541271,1.0,stressid_x1q3,stressid,stressid
1,0.7528465,1.0,stressid_x1q3,stressid,stressid
1,0.7521511,1.0,stressid_x1q3,stressid,stressid
1,0.7440246,1.0,stressid_x1q3,stressid,stressid
1,0.75547636,1.0,stressid_x1q3,stressid,stressid
1,0.69567424,1.0,stressid_x1q3,stressid,stressid
1,0.71634644,1.0,stressid_x1q3,stressid,stressid
1,0.7029365,1.0,stressid_x1q3,stressid,stressid
1,0.648069,1.0,stressid_x1q3,stressid,stressid
1,0.65795934,1.0,stressid_x1q3,stressid,stressid
1,0.66037303,1.0,stressid_x1q3,stressid,stressid
1,0.6713581,1.0,stressid_x1q3,stressid,stressid
1,0.7758264,1.0,stressid_x1q3,stressid,stressid
1,0.7675635,1.0,stressid_x1q3,stressid,stressid
1,0.776836,1.0,stressid_x1q3,stressid,stressid
1,0.7741911,1.0,stressid_x1q3,stressid,stressid
1,0.77760845,1.0,stressid_x1q3,stressid,stressid
1,0.77719146,1.0,stressid_x1q3,stressid,stressid
1,0.7750126,1.0,stressid_x1q3,stressid,stressid
1,0.7664483,1.0,stressid_x1q3,stressid,stressid
1,0.77248436,1.0,stressid_x1q3,stressid,stressid
1,0.78696746,1.0,stressid_x1q3,stressid,stressid
1,0.7831895,1.0,stressid_x1q3,stressid,stressid
1,0.7698902,1.0,stressid_x1q3,stressid,stressid
1,0.7346887,1.0,stressid_x1q3,stressid,stressid
1,0.7573165,1.0,stressid_x1q3,stressid,stressid
1,0.7531278,1.0,stressid_x1q3,stressid,stressid
1,0.7492544,1.0,stressid_x1q3,stressid,stressid
1,0.7785765,1.0,stressid_x1q3,stressid,stressid
1,0.78015697,1.0,stressid_x1q3,stressid,stressid
1,0.7785576,1.0,stressid_x1q3,stressid,stressid
1,0.210028,1.0,stressid_x1q3,stressid,stressid
1,0.20903045,1.0,stressid_x1q3,stressid,stressid
1,0.21163847,1.0,stressid_x1q3,stressid,stressid
1,0.20966592,1.0,stressid_x1q3,stressid,stressid
1,0.21173024,1.0,stressid_x1q3,stressid,stressid
1,0.21147431,1.0,stressid_x1q3,stressid,stressid
1,0.21174026,1.0,stressid_x1q3,stressid,stressid
1,0.21653001,1.0,stressid_x1q3,stressid,stressid
1,0.21909711,1.0,stressid_x1q3,stressid,stressid
1,0.2176494,1.0,stressid_x1q3,stressid,stressid
1,0.21687667,1.0,stressid_x1q3,stressid,stressid
1,0.21968155,1.0,stressid_x1q3,stressid,stressid
1,0.2158318,1.0,stressid_x1q3,stressid,stressid
1,0.21907173,1.0,stressid_x1q3,stressid,stressid
1,0.22348176,1.0,stressid_x1q3,stressid,stressid
1,0.22631527,1.0,stressid_x1q3,stressid,stressid
1,0.22378641,1.0,stressid_x1q3,stressid,stressid
1,0.22493467,1.0,stressid_x1q3,stressid,stressid
1,0.22869223,1.0,stressid_x1q3,stressid,stressid
1,0.22669452,1.0,stressid_x1q3,stressid,stressid
1,0.22780202,1.0,stressid_x1q3,stressid,stressid
1,0.2280395,1.0,stressid_x1q3,stressid,stressid
1,0.22179013,1.0,stressid_x1q3,stressid,stressid
1,0.21795702,1.0,stressid_x1q3,stressid,stressid
1,0.21755344,1.0,stressid_x1q3,stressid,stressid
1,0.22225201,1.0,stressid_x1q3,stressid,stressid
1,0.22752404,1.0,stressid_x1q3,stressid,stressid
1,0.22714911,1.0,stressid_x1q3,stressid,stressid
1,0.2271479,1.0,stressid_x1q3,stressid,stressid
1,0.22714923,1.0,stressid_x1q3,stressid,stressid
1,0.22716722,1.0,stressid_x1q3,stressid,stressid
1,0.22719081,1.0,stressid_x1q3,stressid,stressid
1,0.22717986,1.0,stressid_x1q3,stressid,stressid
1,0.22713485,1.0,stressid_x1q3,stressid,stressid
1,0.21301706,1.0,stressid_x1q3,stressid,stressid
1,0.22708517,1.0,stressid_x1q3,stressid,stressid
1,0.22709851,1.0,stressid_x1q3,stressid,stressid
1,0.22712769,1.0,stressid_x1q3,stressid,stressid
1,0.22714287,1.0,stressid_x1q3,stressid,stressid
1,0.22713219,1.0,stressid_x1q3,stressid,stressid
1,0.22710223,1.0,stressid_x1q3,stressid,stressid
1,0.22708954,1.0,stressid_x1q3,stressid,stressid
1,0.22708002,1.0,stressid_x1q3,stressid,stressid
1,0.22707328,1.0,stressid_x1q3,stressid,stressid
1,0.22704239,1.0,stressid_x1q3,stressid,stressid
1,0.21019888,1.0,stressid_x1q3,stressid,stressid
1,0.22703272,1.0,stressid_x1q3,stressid,stressid
1,0.2270408,1.0,stressid_x1q3,stressid,stressid
1,0.22703944,1.0,stressid_x1q3,stressid,stressid
1,0.22704776,1.0,stressid_x1q3,stressid,stressid
1,0.22705384,1.0,stressid_x1q3,stressid,stressid
1,0.22704192,1.0,stressid_x1q3,stressid,stressid
1,0.22703603,1.0,stressid_x1q3,stressid,stressid
1,0.20947987,1.0,stressid_x1q3,stressid,stressid
1,0.20673302,1.0,stressid_x1q3,stressid,stressid
1,0.20924842,1.0,stressid_x1q3,stressid,stressid
1,0.2156389,1.0,stressid_x1q3,stressid,stressid
1,0.22988819,1.0,stressid_x1q3,stressid,stressid
1,0.23328324,1.0,stressid_x1q3,stressid,stressid
1,0.22553143,1.0,stressid_x1q3,stressid,stressid
1,0.22126901,1.0,stressid_x1q3,stressid,stressid
1,0.2251366,1.0,stressid_x1q3,stressid,stressid
1,0.23057348,1.0,stressid_x1q3,stressid,stressid
1,0.23169616,1.0,stressid_x1q3,stressid,stressid
1,0.23387715,1.0,stressid_x1q3,stressid,stressid
1,0.23230228,1.0,stressid_x1q3,stressid,stressid
1,0.22628911,1.0,stressid_x1q3,stressid,stressid
1,0.22422403,1.0,stressid_x1q3,stressid,stressid
1,0.2269344,1.0,stressid_x1q3,stressid,stressid
1,0.26059976,1.0,stressid_x1q3,stressid,stressid
1,0.22855751,1.0,stressid_x1q3,stressid,stressid
1,0.2252688,1.0,stressid_x1q3,stressid,stressid
1,0.22705536,1.0,stressid_x1q3,stressid,stressid
1,0.22702286,1.0,stressid_x1q3,stressid,stressid
1,0.22703755,1.0,stressid_x1q3,stressid,stressid
1,0.22705248,1.0,stressid_x1q3,stressid,stressid
1,0.22706442,1.0,stressid_x1q3,stressid,stressid
1,0.22708999,1.0,stressid_x1q3,stressid,stressid
1,0.22709632,1.0,stressid_x1q3,stressid,stressid
1,0.22709098,1.0,stressid_x1q3,stressid,stressid
1,0.2821934,1.0,stressid_x1q3,stressid,stressid
1,0.22707093,1.0,stressid_x1q3,stressid,stressid
1,0.2270719,1.0,stressid_x1q3,stressid,stressid
1,0.22703703,1.0,stressid_x1q3,stressid,stressid
1,0.22697842,1.0,stressid_x1q3,stressid,stressid
1,0.22699217,1.0,stressid_x1q3,stressid,stressid
1,0.22699958,1.0,stressid_x1q3,stressid,stressid
1,0.22698116,1.0,stressid_x1q3,stressid,stressid
1,0.22697292,1.0,stressid_x1q3,stressid,stressid
1,0.24347274,1.0,stressid_x1q3,stressid,stressid
1,0.22211175,1.0,stressid_x1q3,stressid,stressid
1,0.22126935,1.0,stressid_x1q3,stressid,stressid
1,0.22335365,1.0,stressid_x1q3,stressid,stressid
1,0.22602996,1.0,stressid_x1q3,stressid,stressid
1,0.2259373,1.0,stressid_x1q3,stressid,stressid
0,0.052204084,1.0,stressid_qw5t,stressid,stressid
0,0.06006021,1.0,stressid_qw5t,stressid,stressid
0,0.047865205,1.0,stressid_qw5t,stressid,stressid
0,0.04755458,1.0,stressid_qw5t,stressid,stressid
0,0.04810283,1.0,stressid_qw5t,stressid,stressid
0,0.04632886,1.0,stressid_qw5t,stressid,stressid
0,0.046399407,1.0,stressid_qw5t,stressid,stressid
0,0.047190428,1.0,stressid_qw5t,stressid,stressid
0,0.05192564,1.0,stressid_qw5t,stressid,stressid
0,0.05588327,1.0,stressid_qw5t,stressid,stressid
0,0.05350444,1.0,stressid_qw5t,stressid,stressid
0,0.047349446,1.0,stressid_qw5t,stressid,stressid
0,0.064473905,1.0,stressid_qw5t,stressid,stressid
0,0.043780543,1.0,stressid_qw5t,stressid,stressid
0,0.046524487,1.0,stressid_qw5t,stressid,stressid
0,0.049340438,1.0,stressid_qw5t,stressid,stressid
0,0.05018576,1.0,stressid_qw5t,stressid,stressid
0,0.04900538,1.0,stressid_qw5t,stressid,stressid
0,0.043641973,1.0,stressid_qw5t,stressid,stressid
0,0.04271951,1.0,stressid_qw5t,stressid,stressid
0,0.049410418,1.0,stressid_qw5t,stressid,stressid
0,0.05578204,1.0,stressid_qw5t,stressid,stressid
0,0.056113273,1.0,stressid_qw5t,stressid,stressid
0,0.061827842,1.0,stressid_qw5t,stressid,stressid
0,0.054826755,1.0,stressid_qw5t,stressid,stressid
0,0.05369133,1.0,stressid_qw5t,stressid,stressid
0,0.054639593,1.0,stressid_qw5t,stressid,stressid
0,0.05157869,1.0,stressid_qw5t,stressid,stressid
0,0.050862867,1.0,stressid_qw5t,stressid,stressid
0,0.2390099,1.0,stressid_qw5t,stressid,stressid
0,0.23901342,1.0,stressid_qw5t,stressid,stressid
0,0.2389463,1.0,stressid_qw5t,stressid,stressid
0,0.23895703,1.0,stressid_qw5t,stressid,stressid
0,0.23898046,1.0,stressid_qw5t,stressid,stressid
0,0.06660017,1.0,stressid_qw5t,stressid,stressid
0,0.23895678,1.0,stressid_qw5t,stressid,stressid
0,0.2389411,1.0,stressid_qw5t,stressid,stressid
0,0.23893782,1.0,stressid_qw5t,stressid,stressid
0,0.23893437,1.0,stressid_qw5t,stressid,stressid
0,0.23895535,1.0,stressid_qw5t,stressid,stressid
0,0.2392336,1.0,stressid_qw5t,stressid,stressid
0,0.24062066,1.0,stressid_qw5t,stressid,stressid
0,0.24019611,1.0,stressid_qw5t,stressid,stressid
0,0.23893437,1.0,stressid_qw5t,stressid,stressid
0,0.23900314,1.0,stressid_qw5t,stressid,stressid
0,0.07861024,1.0,stressid_qw5t,stressid,stressid
0,0.23899153,1.0,stressid_qw5t,stressid,stressid
0,0.23898587,1.0,stressid_qw5t,stressid,stressid
0,0.23906687,1.0,stressid_qw5t,stressid,stressid
0,0.23909101,1.0,stressid_qw5t,stressid,stressid
0,0.2390846,1.0,stressid_qw5t,stressid,stressid
0,0.23908894,1.0,stressid_qw5t,stressid,stressid
0,0.23905288,1.0,stressid_qw5t,stressid,stressid
0,0.23896976,1.0,stressid_qw5t,stressid,stressid
0,0.238922,1.0,stressid_qw5t,stressid,stressid
0,0.08889013,1.0,stressid_qw5t,stressid,stressid
0,0.074970126,1.0,stressid_qw5t,stressid,stressid
0,0.05710334,1.0,stressid_qw5t,stressid,stressid
0,0.05041595,1.0,stressid_qw5t,stressid,stressid
1,0.6183063,1.0,stressid_qw5t,stressid,stressid
1,0.63809717,1.0,stressid_qw5t,stressid,stressid
1,0.65116185,1.0,stressid_qw5t,stressid,stressid
1,0.56476855,1.0,stressid_qw5t,stressid,stressid
1,0.5626887,1.0,stressid_qw5t,stressid,stressid
1,0.57137614,1.0,stressid_qw5t,stressid,stressid
1,0.58247405,1.0,stressid_qw5t,stressid,stressid
1,0.58222246,1.0,stressid_qw5t,stressid,stressid
1,0.5767356,1.0,stressid_qw5t,stressid,stressid
1,0.5697809,1.0,stressid_qw5t,stressid,stressid
1,0.57453716,1.0,stressid_qw5t,stressid,stressid
1,0.6423257,1.0,stressid_qw5t,stressid,stressid
1,0.65117604,1.0,stressid_qw5t,stressid,stressid
1,0.6685802,1.0,stressid_qw5t,stressid,stressid
1,0.7138948,1.0,stressid_qw5t,stressid,stressid
1,0.7079171,1.0,stressid_qw5t,stressid,stressid
1,0.6774604,1.0,stressid_qw5t,stressid,stressid
1,0.6732578,1.0,stressid_qw5t,stressid,stressid
1,0.67537767,1.0,stressid_qw5t,stressid,stressid
1,0.6765169,1.0,stressid_qw5t,stressid,stressid
1,0.70298296,1.0,stressid_qw5t,stressid,stressid
1,0.69467235,1.0,stressid_qw5t,stressid,stressid
1,0.672316,1.0,stressid_qw5t,stressid,stressid
1,0.68978846,1.0,stressid_qw5t,stressid,stressid
1,0.6754351,1.0,stressid_qw5t,stressid,stressid
1,0.644336,1.0,stressid_qw5t,stressid,stressid
1,0.6458445,1.0,stressid_qw5t,stressid,stressid
1,0.62635225,1.0,stressid_qw5t,stressid,stressid
1,0.58672476,1.0,stressid_qw5t,stressid,stressid
1,0.5527927,1.0,stressid_qw5t,stressid,stressid
1,0.70166004,1.0,stressid_qw5t,stressid,stressid
1,0.6559229,1.0,stressid_qw5t,stressid,stressid
1,0.6486095,1.0,stressid_qw5t,stressid,stressid
1,0.6866656,1.0,stressid_qw5t,stressid,stressid
1,0.68604994,1.0,stressid_qw5t,stressid,stressid
1,0.6742563,1.0,stressid_qw5t,stressid,stressid
1,0.6632468,1.0,stressid_qw5t,stressid,stressid
1,0.6586884,1.0,stressid_qw5t,stressid,stressid
1,0.7113144,1.0,stressid_qw5t,stressid,stressid
1,0.6776529,1.0,stressid_qw5t,stressid,stressid
1,0.7011565,1.0,stressid_qw5t,stressid,stressid
1,0.63683736,1.0,stressid_qw5t,stressid,stressid
1,0.6430648,1.0,stressid_qw5t,stressid,stressid
1,0.66093004,1.0,stressid_qw5t,stressid,stressid
1,0.6394335,1.0,stressid_qw5t,stressid,stressid
1,0.61011827,1.0,stressid_qw5t,stressid,stressid
1,0.6067303,1.0,stressid_qw5t,stressid,stressid
1,0.6276163,1.0,stressid_qw5t,stressid,stressid
1,0.6276303,1.0,stressid_qw5t,stressid,stressid
1,0.6341628,1.0,stressid_qw5t,stressid,stressid
1,0.6261742,1.0,stressid_qw5t,stressid,stressid
1,0.62577134,1.0,stressid_qw5t,stressid,stressid
1,0.62818044,1.0,stressid_qw5t,stressid,stressid
1,0.63277733,1.0,stressid_qw5t,stressid,stressid
1,0.6348429,1.0,stressid_qw5t,stressid,stressid
1,0.647732,1.0,stressid_qw5t,stressid,stressid
1,0.66746354,1.0,stressid_qw5t,stressid,stressid
1,0.7208815,1.0,stressid_qw5t,stressid,stressid
1,0.71658784,1.0,stressid_qw5t,stressid,stressid
1,0.7025261,1.0,stressid_qw5t,stressid,stressid
1,0.6143602,1.0,stressid_qw5t,stressid,stressid
1,0.6458522,1.0,stressid_qw5t,stressid,stressid
1,0.6477227,1.0,stressid_qw5t,stressid,stressid
1,0.6217813,1.0,stressid_qw5t,stressid,stressid
1,0.6313637,1.0,stressid_qw5t,stressid,stressid
1,0.6356317,1.0,stressid_qw5t,stressid,stressid
1,0.6412418,1.0,stressid_qw5t,stressid,stressid
1,0.65719885,1.0,stressid_qw5t,stressid,stressid
1,0.7192095,1.0,stressid_qw5t,stressid,stressid
1,0.7288035,1.0,stressid_qw5t,stressid,stressid
1,0.7353268,1.0,stressid_qw5t,stressid,stressid
1,0.745336,1.0,stressid_qw5t,stressid,stressid
1,0.7415732,1.0,stressid_qw5t,stressid,stressid
1,0.72285724,1.0,stressid_qw5t,stressid,stressid
1,0.707485,1.0,stressid_qw5t,stressid,stressid
1,0.6957062,1.0,stressid_qw5t,stressid,stressid
1,0.64610046,1.0,stressid_qw5t,stressid,stressid
1,0.6300392,1.0,stressid_qw5t,stressid,stressid
1,0.61669785,1.0,stressid_qw5t,stressid,stressid
1,0.62717944,1.0,stressid_qw5t,stressid,stressid
1,0.63112026,1.0,stressid_qw5t,stressid,stressid
1,0.6607558,1.0,stressid_qw5t,stressid,stressid
1,0.67661244,1.0,stressid_qw5t,stressid,stressid
1,0.6775134,1.0,stressid_qw5t,stressid,stressid
1,0.67714125,1.0,stressid_qw5t,stressid,stressid
1,0.66592425,1.0,stressid_qw5t,stressid,stressid
1,0.6454369,1.0,stressid_qw5t,stressid,stressid
1,0.61213076,1.0,stressid_qw5t,stressid,stressid
1,0.6002538,1.0,stressid_qw5t,stressid,stressid
1,0.5978465,1.0,stressid_qw5t,stressid,stressid
1,0.5929319,1.0,stressid_qw5t,stressid,stressid
1,0.5914509,1.0,stressid_qw5t,stressid,stressid
1,0.6428473,1.0,stressid_qw5t,stressid,stressid
1,0.71414155,1.0,stressid_qw5t,stressid,stressid
1,0.6814904,1.0,stressid_qw5t,stressid,stressid
0,0.097472355,1.0,stressid_qw5t,stressid,stressid
0,0.09304782,1.0,stressid_qw5t,stressid,stressid
0,0.10669325,1.0,stressid_qw5t,stressid,stressid
0,0.08720153,1.0,stressid_qw5t,stressid,stressid
0,0.07721162,1.0,stressid_qw5t,stressid,stressid
0,0.07399869,1.0,stressid_qw5t,stressid,stressid
0,0.07453343,1.0,stressid_qw5t,stressid,stressid
0,0.069674425,1.0,stressid_qw5t,stressid,stressid
0,0.06522069,1.0,stressid_qw5t,stressid,stressid
0,0.061029494,1.0,stressid_qw5t,stressid,stressid
0,0.05610759,1.0,stressid_qw5t,stressid,stressid
0,0.05734536,1.0,stressid_qw5t,stressid,stressid
0,0.09037254,1.0,stressid_qw5t,stressid,stressid
0,0.07626814,1.0,stressid_qw5t,stressid,stressid
0,0.08758419,1.0,stressid_qw5t,stressid,stressid
0,0.07492815,1.0,stressid_qw5t,stressid,stressid
0,0.074856885,1.0,stressid_qw5t,stressid,stressid
0,0.07234063,1.0,stressid_qw5t,stressid,stressid
0,0.06149302,1.0,stressid_qw5t,stressid,stressid
0,0.05755716,1.0,stressid_qw5t,stressid,stressid
0,0.055053987,1.0,stressid_qw5t,stressid,stressid
0,0.053034864,1.0,stressid_qw5t,stressid,stressid
0,0.23911986,1.0,stressid_qw5t,stressid,stressid
0,0.088198155,1.0,stressid_qw5t,stressid,stressid
0,0.23909949,1.0,stressid_qw5t,stressid,stressid
0,0.23890385,1.0,stressid_qw5t,stressid,stressid
0,0.23903401,1.0,stressid_qw5t,stressid,stressid
0,0.23940165,1.0,stressid_qw5t,stressid,stressid
0,0.23939514,1.0,stressid_qw5t,stressid,stressid
0,0.23930424,1.0,stressid_qw5t,stressid,stressid
0,0.2393316,1.0,stressid_qw5t,stressid,stressid
0,0.23948346,1.0,stressid_qw5t,stressid,stressid
0,0.23962937,1.0,stressid_qw5t,stressid,stressid
0,0.2395706,1.0,stressid_qw5t,stressid,stressid
0,0.08596011,1.0,stressid_qw5t,stressid,stressid
0,0.23941906,1.0,stressid_qw5t,stressid,stressid
0,0.23938078,1.0,stressid_qw5t,stressid,stressid
0,0.23941131,1.0,stressid_qw5t,stressid,stressid
0,0.23947792,1.0,stressid_qw5t,stressid,stressid
0,0.2395142,1.0,stressid_qw5t,stressid,stressid
0,0.23956536,1.0,stressid_qw5t,stressid,stressid
0,0.23963815,1.0,stressid_qw5t,stressid,stressid
0,0.23958372,1.0,stressid_qw5t,stressid,stressid
0,0.23959258,1.0,stressid_qw5t,stressid,stressid
0,0.07642997,1.0,stressid_qw5t,stressid,stressid
0,0.072481394,1.0,stressid_qw5t,stressid,stressid
0,0.07205035,1.0,stressid_qw5t,stressid,stressid
0,0.072108,1.0,stressid_qw5t,stressid,stressid
0,0.08524953,1.0,stressid_qw5t,stressid,stressid
1,0.64325887,1.0,stressid_qw5t,stressid,stressid
1,0.6635993,1.0,stressid_qw5t,stressid,stressid
1,0.67859584,1.0,stressid_qw5t,stressid,stressid
1,0.6656144,1.0,stressid_qw5t,stressid,stressid
1,0.64015794,1.0,stressid_qw5t,stressid,stressid
1,0.6394614,1.0,stressid_qw5t,stressid,stressid
1,0.6655589,1.0,stressid_qw5t,stressid,stressid
1,0.6793588,1.0,stressid_qw5t,stressid,stressid
1,0.652464,1.0,stressid_qw5t,stressid,stressid
1,0.64258903,1.0,stressid_qw5t,stressid,stressid
1,0.6429741,1.0,stressid_qw5t,stressid,stressid
1,0.68234235,1.0,stressid_qw5t,stressid,stressid
1,0.6509283,1.0,stressid_qw5t,stressid,stressid
1,0.67030746,1.0,stressid_qw5t,stressid,stressid
1,0.6839408,1.0,stressid_qw5t,stressid,stressid
1,0.6644038,1.0,stressid_qw5t,stressid,stressid
1,0.67655,1.0,stressid_qw5t,stressid,stressid
1,0.6609296,1.0,stressid_qw5t,stressid,stressid
1,0.6247328,1.0,stressid_qw5t,stressid,stressid
1,0.61972994,1.0,stressid_qw5t,stressid,stressid
1,0.6403622,1.0,stressid_qw5t,stressid,stressid
1,0.63739455,1.0,stressid_qw5t,stressid,stressid
1,0.6613256,1.0,stressid_qw5t,stressid,stressid
1,0.67830765,1.0,stressid_qw5t,stressid,stressid
1,0.67584234,1.0,stressid_qw5t,stressid,stressid
1,0.6672531,1.0,stressid_qw5t,stressid,stressid
1,0.66842777,1.0,stressid_qw5t,stressid,stressid
1,0.6673236,1.0,stressid_qw5t,stressid,stressid
1,0.6603104,1.0,stressid_qw5t,stressid,stressid
1,0.656817,1.0,stressid_qw5t,stressid,stressid
1,0.6510744,1.0,stressid_qw5t,stressid,stressid
1,0.6512658,1.0,stressid_qw5t,stressid,stressid
1,0.6418011,1.0,stressid_qw5t,stressid,stressid
1,0.62488914,1.0,stressid_qw5t,stressid,stressid
1,0.6210277,1.0,stressid_qw5t,stressid,stressid
1,0.62850076,1.0,stressid_qw5t,stressid,stressid
1,0.6394808,1.0,stressid_qw5t,stressid,stressid
1,0.6250792,1.0,stressid_qw5t,stressid,stressid
1,0.06665844,1.0,stressid_qw5t,stressid,stressid
1,0.063842185,1.0,stressid_qw5t,stressid,stressid
1,0.06929486,1.0,stressid_qw5t,stressid,stressid
1,0.05986908,1.0,stressid_qw5t,stressid,stressid
1,0.066385545,1.0,stressid_qw5t,stressid,stressid
1,0.07719817,1.0,stressid_qw5t,stressid,stressid
1,0.0652711,1.0,stressid_qw5t,stressid,stressid
1,0.06172788,1.0,stressid_qw5t,stressid,stressid
1,0.06172292,1.0,stressid_qw5t,stressid,stressid
1,0.074188314,1.0,stressid_qw5t,stressid,stressid
1,0.08540261,1.0,stressid_qw5t,stressid,stressid
1,0.069882825,1.0,stressid_qw5t,stressid,stressid
1,0.07046189,1.0,stressid_qw5t,stressid,stressid
1,0.068519935,1.0,stressid_qw5t,stressid,stressid
1,0.08144451,1.0,stressid_qw5t,stressid,stressid
1,0.09269625,1.0,stressid_qw5t,stressid,stressid
1,0.09315946,1.0,stressid_qw5t,stressid,stressid
1,0.09363644,1.0,stressid_qw5t,stressid,stressid
1,0.10465289,1.0,stressid_qw5t,stressid,stressid
1,0.09646262,1.0,stressid_qw5t,stressid,stressid
1,0.0860784,1.0,stressid_qw5t,stressid,stressid
1,0.0879757,1.0,stressid_qw5t,stressid,stressid
1,0.09609805,1.0,stressid_qw5t,stressid,stressid
1,0.06767189,1.0,stressid_qw5t,stressid,stressid
1,0.09882009,1.0,stressid_qw5t,stressid,stressid
1,0.09515244,1.0,stressid_qw5t,stressid,stressid
1,0.0928008,1.0,stressid_qw5t,stressid,stressid
1,0.23891993,1.0,stressid_qw5t,stressid,stressid
1,0.23897234,1.0,stressid_qw5t,stressid,stressid
1,0.23893408,1.0,stressid_qw5t,stressid,stressid
1,0.23890567,1.0,stressid_qw5t,stressid,stressid
1,0.23897056,1.0,stressid_qw5t,stressid,stressid
1,0.23903719,1.0,stressid_qw5t,stressid,stressid
1,0.24407104,1.0,stressid_qw5t,stressid,stressid
1,0.07017639,1.0,stressid_qw5t,stressid,stressid
1,0.24458852,1.0,stressid_qw5t,stressid,stressid
1,0.2397419,1.0,stressid_qw5t,stressid,stressid
1,0.23914348,1.0,stressid_qw5t,stressid,stressid
1,0.2390144,1.0,stressid_qw5t,stressid,stressid
1,0.23901631,1.0,stressid_qw5t,stressid,stressid
1,0.23904167,1.0,stressid_qw5t,stressid,stressid
1,0.23942135,1.0,stressid_qw5t,stressid,stressid
1,0.2395097,1.0,stressid_qw5t,stressid,stressid
1,0.23894222,1.0,stressid_qw5t,stressid,stressid
1,0.23887898,1.0,stressid_qw5t,stressid,stressid
1,0.081677146,1.0,stressid_qw5t,stressid,stressid
1,0.2387798,1.0,stressid_qw5t,stressid,stressid
1,0.23875475,1.0,stressid_qw5t,stressid,stressid
1,0.23886432,1.0,stressid_qw5t,stressid,stressid
1,0.23893075,1.0,stressid_qw5t,stressid,stressid
1,0.2389113,1.0,stressid_qw5t,stressid,stressid
1,0.23909141,1.0,stressid_qw5t,stressid,stressid
1,0.23932149,1.0,stressid_qw5t,stressid,stressid
1,0.08623508,1.0,stressid_qw5t,stressid,stressid
1,0.08146149,1.0,stressid_qw5t,stressid,stressid
1,0.07302895,1.0,stressid_qw5t,stressid,stressid
1,0.07002753,1.0,stressid_qw5t,stressid,stressid
1,0.05592524,1.0,stressid_qw5t,stressid,stressid
1,0.06217618,1.0,stressid_qw5t,stressid,stressid
1,0.077115744,1.0,stressid_qw5t,stressid,stressid
1,0.092828006,1.0,stressid_qw5t,stressid,stressid
1,0.073985666,1.0,stressid_qw5t,stressid,stressid
1,0.06640666,1.0,stressid_qw5t,stressid,stressid
1,0.06263238,1.0,stressid_qw5t,stressid,stressid
1,0.05934366,1.0,stressid_qw5t,stressid,stressid
1,0.055008464,1.0,stressid_qw5t,stressid,stressid
1,0.055012155,1.0,stressid_qw5t,stressid,stressid
1,0.061027322,1.0,stressid_qw5t,stressid,stressid
1,0.07724162,1.0,stressid_qw5t,stressid,stressid
1,0.06127591,1.0,stressid_qw5t,stressid,stressid
1,0.07217238,1.0,stressid_qw5t,stressid,stressid
1,0.07434542,1.0,stressid_qw5t,stressid,stressid
1,0.23902294,1.0,stressid_qw5t,stressid,stressid
1,0.23898695,1.0,stressid_qw5t,stressid,stressid
1,0.23896176,1.0,stressid_qw5t,stressid,stressid
1,0.23893078,1.0,stressid_qw5t,stressid,stressid
1,0.23894742,1.0,stressid_qw5t,stressid,stressid
1,0.23895323,1.0,stressid_qw5t,stressid,stressid
1,0.238956,1.0,stressid_qw5t,stressid,stressid
1,0.23904096,1.0,stressid_qw5t,stressid,stressid
1,0.06273526,1.0,stressid_qw5t,stressid,stressid
1,0.23912963,1.0,stressid_qw5t,stressid,stressid
1,0.23921375,1.0,stressid_qw5t,stressid,stressid
1,0.23924567,1.0,stressid_qw5t,stressid,stressid
1,0.23936383,1.0,stressid_qw5t,stressid,stressid
1,0.23920669,1.0,stressid_qw5t,stressid,stressid
1,0.23903254,1.0,stressid_qw5t,stressid,stressid
1,0.23919068,1.0,stressid_qw5t,stressid,stressid
1,0.23903705,1.0,stressid_qw5t,stressid,stressid
1,0.07937177,1.0,stressid_qw5t,stressid,stressid
1,0.09646375,1.0,stressid_qw5t,stressid,stressid
1,0.073522374,1.0,stressid_qw5t,stressid,stressid
1,0.07625096,1.0,stressid_qw5t,stressid,stressid
1,0.06654372,1.0,stressid_qw5t,stressid,stressid
1,0.06091534,1.0,stressid_qw5t,stressid,stressid
