Scale,Experiment Mode,Model Name,Category,Accuracy,Precision,Recall,F1-Score,ROC-AUC,Runtime-Seconds
10sec,gan_augmented,RandomForest,classical,0.7437979251240415,0.7077592458303118,0.5710942071386775,0.6321243523316062,0.7175384976937469,40.68403935432434
10sec,gan_augmented,XGBoost,classical,0.7038039392572546,0.6372889197316678,0.5373512775502243,0.5830687830687831,0.7097245320540236,31.000767946243286
10sec,gan_augmented,Transformer,temporal_deep,0.6835062396632086,0.6075029308323564,0.5053637604837137,0.5517461669505963,0.6759893923695921,37.191847801208496
10sec,gan_augmented,CNN-LSTM,temporal_deep,0.6758382198165689,0.5954109107937251,0.4960015603666862,0.5411789742498404,0.6812505837954488,26.870497465133667
10sec,gan_augmented,TCN,temporal_deep,0.6744098631784694,0.5901676483914816,0.5080944021845134,0.5460643538413165,0.675042483607501,31.744990348815918
10sec,gan_augmented,LSTM,temporal_deep,0.6532852202676289,0.5576966166255881,0.48546908523503024,0.5190823774765381,0.6674884120704145,30.704324960708618
10sec,gan_augmented,GRU,temporal_deep,0.6460682604119681,0.5464626302949657,0.4805929393407451,0.5114155251141552,0.6587093691788213,26.889894485473633
10sec,gan_augmented,KNN,classical,0.6244925575101489,0.5134693877551021,0.4907353228008582,0.5018450184501845,0.6241403995994104,27.58029818534851
10sec,gan_augmented,LogisticRegression,classical,0.5485641256953842,0.4208152958152958,0.45504193485469085,0.4372598631805829,0.49941759432732746,55.85507798194885
10sec,gan_augmented,SVM,classical,0.38685911892948427,0.38562042141832187,0.9959040374488005,0.5559668989547039,0.4164313888993271,64.80126309394836
10sec,real_only,RandomForest,classical,0.7413170951736581,0.7071253071253071,0.5613419153501072,0.6258562574752636,0.7295555519767329,5.30695652961731
10sec,real_only,XGBoost,classical,0.7059840625469854,0.6448308718437351,0.5279890774331968,0.5805898123324397,0.7104587394551481,7.208479642868042
10sec,real_only,CNN-LSTM,temporal_deep,0.6911742595098481,0.6213962354062426,0.5086795396918276,0.5594165594165594,0.7004688854174308,11.517820596694946
10sec,real_only,GRU,temporal_deep,0.6892948428807698,0.6134703196347032,0.5240881607177686,0.5652676974860629,0.6844892155161051,12.06708025932312
10sec,real_only,TCN,temporal_deep,0.675311983160427,0.5937354988399072,0.49912229373902867,0.542333368655293,0.686844593800644,12.019372701644897
10sec,real_only,Transformer,temporal_deep,0.6662156066756879,0.5864585955197583,0.45445679734737665,0.512087912087912,0.6684105434501879,19.387918710708618
10sec,real_only,LSTM,temporal_deep,0.6582468801683957,0.5621390374331551,0.5125804564072557,0.536217098551316,0.6690419789935038,11.511204719543457
10sec,real_only,KNN,classical,0.6475717937152308,0.5571763480072935,0.41720304271503805,0.4771358465313406,0.6444134637694903,4.455302000045776
10sec,real_only,LogisticRegression,classical,0.5723199518869343,0.44530945893343715,0.4462648722449776,0.44578665367754505,0.5469924826829717,17.207627534866333
10sec,real_only,SVM,classical,0.5624718087505638,0.2376987130961393,0.06124439243222157,0.09739454094292804,0.35654057877913237,29.601585149765015
2sec,gan_augmented,RandomForest,classical,0.7433551260456219,0.7083801392945406,0.5784472004109489,0.6368539053505423,0.7195578304890855,252.13824343681335
2sec,gan_augmented,XGBoost,classical,0.7119650555285922,0.6626218054789483,0.5289498789168562,0.5882881044684758,0.7109172056712588,229.73639917373657
2sec,gan_augmented,TCN,temporal_deep,0.7032289376766494,0.645822053780906,0.5252073090188596,0.5793030879436643,0.7160637082167138,177.37506198883057
2sec,gan_augmented,Transformer,temporal_deep,0.6928655037542467,0.6495205336668751,0.4572906729287444,0.53671245855045,0.6985448290536449,197.41021370887756
2sec,gan_augmented,CNN-LSTM,temporal_deep,0.6664144802580866,0.5772519387552197,0.5325823732296177,0.5540182064543216,0.6763385675531466,134.5572428703308
2sec,gan_augmented,GRU,temporal_deep,0.6602335341308134,0.567274711568444,0.5340133558376752,0.5501417501417502,0.6677268217166442,164.26971101760864
2sec,gan_augmented,LSTM,temporal_deep,0.6538812915750707,0.5584814656346027,0.5268217509356424,0.5421898306364821,0.6631769549904019,168.4763000011444
2sec,gan_augmented,KNN,classical,0.5873469038170555,0.47635115813554474,0.6112130329492919,0.5354204165595269,0.6096985729266183,269.62372970581055
2sec,gan_augmented,LogisticRegression,classical,0.5844634139378194,0.46567539576860484,0.4619505393703677,0.4638054890403389,0.5374625507256415,384.00641441345215
2sec,gan_augmented,SVM,classical,0.47246409912353327,0.2960736505801244,0.2584207822704924,0.27596880999960816,0.3813863608462858,289.304358959198
2sec,real_only,RandomForest,classical,0.7423416221771776,0.707765237020316,0.5752183165773831,0.6346449680187839,0.7329912881689663,25.182124137878418
2sec,real_only,XGBoost,classical,0.7212436120706883,0.6847088074973702,0.52542746018933,0.5945856170071416,0.7204543596961501,22.465189933776855
2sec,real_only,TCN,temporal_deep,0.705470065949125,0.6670366819718452,0.48506641226975855,0.5616807936609096,0.7113898259982758,61.286611795425415
2sec,real_only,LSTM,temporal_deep,0.6863847888771519,0.6177676740661496,0.508512511924855,0.5578409273868942,0.6861534386789833,61.69748139381409
2sec,real_only,CNN-LSTM,temporal_deep,0.6827590144745482,0.6130032350826743,0.500587069787921,0.5511209856594628,0.683925701723283,66.46006464958191
2sec,real_only,Transformer,temporal_deep,0.6755788391812031,0.6055687701133343,0.47640713289792325,0.5332785706951433,0.676914515763441,93.94996619224548
2sec,real_only,GRU,temporal_deep,0.6743369400747995,0.5986491290437256,0.4943127614295149,0.541500864182644,0.6853682229788441,62.254587173461914
2sec,real_only,KNN,classical,0.6295286493276615,0.5293639687626958,0.4302854626843766,0.4747100613273423,0.6284085020701754,53.27826905250549
2sec,real_only,LogisticRegression,classical,0.6055614240443087,0.49271058315334776,0.4687385337932047,0.48042570794629763,0.5835546929919916,143.52461314201355
2sec,real_only,SVM,classical,0.5585120050246952,0.22647409172126265,0.05580832171424378,0.08954960259052105,0.36473984869922205,62.05618405342102
5sec,gan_augmented,RandomForest,classical,0.7438740638406166,0.7090069284064665,0.5757149554617909,0.6354463130659768,0.7257751124364326,89.71152353286743
5sec,gan_augmented,XGBoost,classical,0.7197338762451829,0.6633510167992926,0.5627754336615096,0.608938264089687,0.7184021854329175,81.11363172531128
5sec,gan_augmented,Transformer,temporal_deep,0.688795171962481,0.6307615852900982,0.47604313173933427,0.5425884364646788,0.6910414699375336,79.89114379882812
5sec,gan_augmented,CNN-LSTM,temporal_deep,0.6672725950701666,0.5795227583307053,0.516924519456165,0.5464367132520567,0.6663867451381196,67.60513043403625
5sec,gan_augmented,TCN,temporal_deep,0.6563295281029593,0.5698478561549101,0.4635724331926864,0.5112455405615015,0.6620865549447018,68.60916376113892
5sec,gan_augmented,KNN,classical,0.6523667563440704,0.5438847775921063,0.6408813877168308,0.5884125344352618,0.6752399159364079,87.33212971687317
5sec,gan_augmented,GRU,temporal_deep,0.6484039845851814,0.5526483050847457,0.4891701828410689,0.5189753792588908,0.6529987971388893,61.506036043167114
5sec,gan_augmented,LSTM,temporal_deep,0.646004508107322,0.5467082746124421,0.5092358180965776,0.5273071508325647,0.6499498146713089,53.99308514595032
5sec,gan_augmented,LogisticRegression,classical,0.5825274485566786,0.4609658331742699,0.45288326300984527,0.4568888048053729,0.5455110041233118,127.90224480628967
5sec,gan_augmented,SVM,classical,0.3739547735039628,0.31770398798598365,0.5355836849507736,0.39882697947214074,0.3795485049170487,116.35807204246521
5sec,real_only,RandomForest,classical,0.7419835672216971,0.7063381910710155,0.5726207219878106,0.632489254828854,0.7299456406104663,9.820692539215088
5sec,real_only,XGBoost,classical,0.7135897622336944,0.6618654896039029,0.5342709798406001,0.5912628411331328,0.7149211344971542,10.72874903678894
5sec,real_only,Transformer,temporal_deep,0.6715262124627354,0.5923198912550974,0.490295358649789,0.5365002821525676,0.661164205532493,36.18035936355591
5sec,real_only,TCN,temporal_deep,0.665454809859667,0.5774319889912142,0.5114861697140178,0.5424622116149562,0.6756699271610515,23.297075986862183
5sec,real_only,LSTM,temporal_deep,0.6591289173271286,0.5731970471323112,0.473230192217534,0.5184386235233693,0.6657811945280218,24.141427516937256
5sec,real_only,CNN-LSTM,temporal_deep,0.6584018032429289,0.5707752370329058,0.4797937177684013,0.5213448802852776,0.6653001753556533,27.990520238876343
5sec,real_only,GRU,temporal_deep,0.657856467679779,0.5666312433581296,0.4999531176746367,0.5312079701120797,0.6613798208015605,23.608566761016846
5sec,real_only,KNN,classical,0.6480040718388715,0.5589399208538194,0.43703703703703706,0.49052830982950957,0.6532214833126788,11.932050943374634
5sec,real_only,SVM,classical,0.6097578710099615,0.3028571428571429,0.00496952648851383,0.00977859778597786,0.3301034220033137,39.79071569442749
5sec,real_only,LogisticRegression,classical,0.5877626699629172,0.46784351145038167,0.45972808251289266,0.46375029557815084,0.5653807168577856,44.380868911743164
