f0_mean,f0_std,f0_range,jitter_percent,shimmer_db,hnr,speaking_rate_proxy,voice_intensity,high_freq_ratio,spectral_flux,pause_ratio,voiced_fraction,label
209.53833,9.420765,36.870575,10.0,2.3734145,2.3112597,0.23260798,0.004552045,0.43601626,0.0011890873,0.0,0.59574467,1
98.22316,46.564095,130.59132,10.0,1.782348,-0.8515068,0.17848007,0.0020644406,0.38810527,0.00022675026,0.0,0.68085104,1
201.60103,8.805634,41.066578,10.0,2.7086773,1.6127075,0.23630399,0.003161744,0.47224438,0.0008372747,0.003322259,0.32978722,1
188.7108,45.62189,172.74463,10.0,1.9267386,2.17979,0.20203489,0.004810053,0.42816925,0.0009859221,0.0,0.5531915,1
150.5838,55.029335,141.86707,10.0,1.9924896,-2.1081314,0.19022425,0.002071596,0.41130674,0.00025912322,0.0,0.28723404,1
210.89928,37.186283,196.59148,10.0,2.0211203,0.012300144,0.29169434,0.0047033406,0.5497558,0.0012011972,0.0,0.5851064,0
210.74678,12.924725,49.23643,10.0,2.0424066,3.2464387,0.15529901,0.006061078,0.36033785,0.0010138522,0.0,0.9361702,0
169.07785,11.572695,38.785835,10.0,2.2935734,3.4977999,0.11204319,0.008017169,0.19977005,0.003578536,0.0,0.5,0
85.93774,2.3150558,8.874162,10.0,2.2917683,-3.6397943,0.14459303,0.0017902487,0.38957056,0.00021395175,0.0,0.21276596,0
163.9981,10.585738,32.520447,10.0,2.9946706,4.519026,0.12607142,0.005226905,0.26972976,0.003118502,0.009966778,0.27659574,0
145.95946,15.093886,39.640026,10.0,1.9388573,-2.1746316,0.15695183,0.012860799,0.31021407,0.0048205163,0.0,0.81914896,0
148.25253,7.2779803,24.271702,10.0,2.1288068,3.0305371,0.14416113,0.011061878,0.23916623,0.0042892983,0.0,0.5638298,0
128.92445,8.5098715,58.40136,10.0,1.8568047,6.483856,0.07828904,0.011496462,0.179256,0.0027407696,0.0,0.9680851,0
126.14904,7.0589676,31.283901,10.0,2.4002328,3.1407275,0.13758306,0.011155374,0.23478317,0.0049112164,0.0,0.7340425,0
136.58743,11.566428,51.08935,10.0,2.7315867,-6.7543178,0.15605482,0.0002600971,0.29880244,5.6284266e-06,0.0,0.5638298,1
137.96066,16.24666,56.087086,10.0,2.0629823,-8.795867,0.15448505,0.00024370661,0.28426602,3.7937011e-06,0.0,0.13829787,1
179.88739,39.14035,117.83067,10.0,3.211452,3.5851202,0.14869602,0.002732977,0.23869899,0.0012193933,0.69435215,0.34042552,1
196.1133,6.026397,38.215588,10.0,2.9549332,8.660873,0.13877076,0.0039242944,0.121047586,0.001160848,0.61461794,0.42553192,1
152.85478,27.636826,86.376564,10.0,2.720737,-9.015219,0.15921926,0.00027704085,0.28335,5.928741e-06,0.0,0.24468085,1
183.10155,44.403034,142.49542,10.0,2.9744792,3.1668978,0.15945183,0.00491219,0.16853382,0.0020050635,0.48172757,0.32978722,1
170.28525,25.31272,105.30824,10.0,2.6512551,3.9818833,0.08575582,0.008358101,0.07110644,0.0020529677,0.15282393,0.9361702,1
71.32945,10.952852,30.35417,10.0,2.3385692,-10.907003,0.19217607,0.00023757687,0.33633524,4.094506e-06,0.0,0.3617021,0
134.26936,23.915508,61.796604,10.0,2.7984064,0.00901862,0.13015781,0.0012686072,0.13289176,0.00014315765,0.17275748,0.28723404,0
114.368065,32.195263,141.86707,10.0,2.4990602,0.7130848,0.16360465,0.006521311,0.08831162,0.003253438,0.63787377,0.4680851,0
90.21075,13.966836,39.855736,10.0,1.847818,-2.6592507,0.27129567,0.010405031,0.2430387,0.008417776,0.3754153,0.3617021,1
140.0681,38.326218,124.02408,10.0,2.4740775,-2.7523866,0.121378735,0.0061452934,0.110085286,0.0021856544,0.39534885,0.5106383,1
117.18664,5.5996904,38.0353,10.0,2.6351678,-1.0935379,0.0869103,0.017177226,0.12042127,0.010810805,0.04318937,0.9361702,0
77.91773,20.82934,50.46332,10.0,3.0286112,-4.4704876,0.14416113,0.0023687365,0.10766394,0.00065396476,0.44186047,0.18085106,1
119.700714,34.945263,103.25973,10.0,2.8520072,4.225354,0.14090532,0.002227707,0.12050623,0.0010818134,0.8405316,0.23404256,1
150.18965,19.67927,76.308136,10.0,2.2336135,3.2053268,0.1373505,0.0033093642,0.19720487,0.00095492403,0.64451826,0.7765958,1
159.65413,17.852835,97.642494,10.0,2.1646605,-0.3571145,0.1482309,0.0022482001,0.10077408,0.0009422681,0.83388704,0.79787236,1
197.03238,84.32973,387.04074,10.0,3.1799924,-1.0913618,0.12804817,0.0048018945,0.10356802,0.002275323,0.538206,0.85106385,0
125.7127,12.47375,42.530457,10.0,3.120597,-1.3688158,0.09329734,0.013504094,0.14035223,0.009032708,0.1627907,0.81914896,0
130.3997,7.5118155,21.426086,10.0,2.3567357,-2.1278586,0.11263289,0.009479378,0.12302931,0.0046516466,0.22259136,0.5,0
0.0,0.0,0.0,10.0,2.106668,-5.405927,0.16459303,0.00020149887,0.3054932,2.5779532e-06,0.0,0.0,0
69.42947,0.18923387,0.40142566,10.0,2.52633,-4.1682,0.13370432,0.004942879,0.06935113,0.0045683966,0.7209302,0.031914894,1
0.0,0.0,0.0,10.0,3.1947622,-8.061213,0.1619103,0.0024449255,0.28260642,0.002158665,0.76744187,0.0,1
154.7259,14.792184,85.19995,10.0,2.8776565,-3.8875003,0.12221761,0.02322997,0.09160129,0.05829821,0.41860464,0.7553192,0
121.95007,16.38173,41.19136,10.0,2.0642335,-6.3114066,0.17864618,0.010779445,0.13849497,0.01177853,0.5913621,0.32978722,1
88.86899,27.830202,72.386696,10.0,2.6684453,-0.88401824,0.12927741,0.005886306,0.114425436,0.0054052914,0.66445184,0.26595744,1
114.70392,10.555343,34.145336,10.0,2.731174,-4.4679475,0.11133721,0.016333638,0.10926786,0.024532963,0.26245847,0.12765957,1
125.52359,13.8733,46.092915,10.0,2.8188057,-4.537763,0.11092193,0.019375827,0.09411082,0.024758218,0.16611296,0.7446808,1
0.0,0.0,0.0,10.0,4.060367,4.5340004,0.16419435,0.001378038,0.1299914,0.0015581949,0.96345514,0.0,1
210.37799,19.389511,62.904266,10.0,3.0094151,2.4996252,0.09316445,0.007900581,0.15123287,0.0037655898,0.3089701,0.5106383,1
244.49042,91.17457,292.29382,10.0,3.093903,2.0585172,0.09295681,0.008564884,0.09998155,0.0052566226,0.36877078,0.64893615,1
147.66882,23.216927,94.37094,10.0,1.9870031,-1.0785574,0.12541528,0.010325222,0.11471304,0.0054543624,0.49169436,0.84042555,0
154.34937,27.309776,117.63138,10.0,1.9058241,1.9703429,0.16695182,0.011786456,0.07645602,0.009569156,0.59800667,0.67021275,1
168.75664,9.27693,35.95763,10.0,2.6241066,1.2456168,0.1304402,0.020967124,0.12174378,0.030208323,0.4717608,0.5212766,1
139.46544,21.21349,103.71196,10.0,2.5975506,-2.6666613,0.11298173,0.03402101,0.08789621,0.053733934,0.08637874,0.85106385,1
128.34624,36.87683,117.0722,10.0,2.5110426,2.8569336,0.14669435,0.0141756255,0.116866425,0.014645174,0.46843854,0.5319149,0
118.41304,42.183384,126.11473,10.0,2.9513254,-1.5911782,0.15098007,0.007938236,0.17974998,0.0053820307,0.3754153,0.38297874,0
152.05377,41.26311,129.53717,10.0,3.205202,-2.4885259,0.10337209,0.0113957375,0.08765087,0.014310306,0.5016611,0.5,1
102.280914,12.500534,42.99996,10.0,2.518492,-3.4391072,0.18645349,0.013638986,0.1596868,0.009879633,0.22923589,0.65957445,0
65.93484,1.2354214,4.290692,10.0,2.3157644,-5.655058,0.18936877,0.00022725394,0.33560097,3.2424193e-06,0.0,0.11702128,0
109.332405,11.008271,46.48519,10.0,2.64072,-4.7382545,0.18973422,0.0118141575,0.21463518,0.008003689,0.29235882,0.43617022,1
123.38874,21.280201,99.50851,10.0,2.9259722,-4.685369,0.11228406,0.015246309,0.12264727,0.0146739,0.3654485,0.9787234,1
114.399055,39.54366,91.48667,10.0,1.7673545,5.677862,0.12300664,0.004379609,0.29994527,0.00060684665,0.0,0.5531915,0
94.26308,37.29021,114.32431,10.0,2.57434,0.96387875,0.17715947,0.0028634144,0.4139518,0.00055444794,0.0,0.27659574,0
175.0359,15.873057,70.263954,10.0,2.7079432,-0.054335326,0.097740866,0.009207449,0.21350397,0.0035554003,0.0,0.86170214,1
165.71104,9.285615,30.329699,10.0,1.5845431,3.3106961,0.1720681,0.007527616,0.33356553,0.0014638273,0.0,0.68085104,1
123.58232,49.975132,116.41268,10.0,2.1605394,2.585298,0.095390365,0.004396663,0.2691915,0.0008546576,0.0,0.7234042,1
148.13051,30.48139,107.20211,10.0,1.4566959,5.5843163,0.14917774,0.008906152,0.3010372,0.0020333813,0.0,0.7340425,0
169.6826,9.513069,44.24212,2.75244,1.7520922,7.1329255,0.06416944,0.009330802,0.20619121,0.0015290235,0.0,0.9893617,0
134.75203,13.932493,57.735207,10.0,2.9473937,1.5071509,0.07541528,0.013622408,0.07129081,0.008219574,0.26245847,0.85106385,1
169.68852,2.7921908,14.660658,10.0,1.6240731,1.7497182,0.088845514,0.00031344456,0.25708497,3.8067021e-06,0.0,0.9361702,0
165.36844,12.662014,49.268826,10.0,1.966573,2.246428,0.08507475,0.0045793145,0.07542886,0.0037134576,0.8870432,0.89361703,1
153.42473,32.769424,108.05387,10.0,2.7995985,-0.05967954,0.07247508,0.007617512,0.064456865,0.0067599397,0.59468436,0.71276593,1
171.43759,2.9607954,10.874499,9.723787,1.9580518,0.15516746,0.10472591,0.00035742737,0.2993669,6.704013e-06,0.0,0.9893617,1
117.00072,11.973889,36.375496,10.0,3.1084957,-3.4495523,0.14174418,0.0111422865,0.14827186,0.008614728,0.34219268,0.39361703,1
116.87523,18.563482,88.8875,10.0,2.6354644,-3.0396895,0.104260795,0.016771104,0.10596414,0.011229532,0.15282393,0.7659575,0
126.35056,12.842323,51.69787,10.0,2.6457913,-3.9487484,0.09780731,0.018978607,0.07531534,0.024433939,0.21594684,0.7765958,1
139.08098,10.602311,23.496891,10.0,3.101103,-3.0788186,0.14003322,0.006382975,0.16512892,0.0057605393,0.4651163,0.11702128,1
157.97621,39.05876,145.26924,10.0,3.3037596,-2.538946,0.12641196,0.0097723985,0.14207003,0.005024396,0.22923589,0.86170214,1
129.04759,14.511626,49.79959,10.0,2.1745293,-1.5482152,0.15142857,0.02486391,0.15978044,0.022776566,0.21262458,0.7553192,1
133.81485,21.508898,64.31375,10.0,1.8225495,1.7618148,0.082491696,0.023124434,0.06137546,0.015574206,0.31229237,0.65957445,1
125.58402,10.205945,49.260788,10.0,2.576669,-0.8239914,0.11233389,0.024167014,0.11784018,0.01810219,0.14285715,0.87234044,0
153.4111,34.871044,137.04132,10.0,2.476422,-1.776011,0.13490033,0.037214357,0.08840067,0.060388915,0.13621262,0.79787236,0
120.579865,6.1867657,27.291897,10.0,2.0611024,2.887258,0.109850496,0.0040048365,0.07072623,0.0016589853,0.68438536,0.17021276,0
0.0,0.0,0.0,10.0,2.4848578,-8.742949,0.15172757,0.00026595805,0.2727927,5.238334e-06,0.0,0.0,1
114.34957,10.623017,39.41741,10.0,2.9138594,-1.7920256,0.13566445,0.0056320275,0.12024997,0.007615237,0.72757477,0.11702128,1
88.87986,2.9296637,13.6658,10.0,2.9992158,-4.754419,0.13462624,0.0060792263,0.17953508,0.005025632,0.5813953,0.17021276,0
92.5644,13.831997,35.464054,10.0,3.2707279,-4.2512317,0.12039036,0.0067617563,0.11523251,0.0059973914,0.39534885,0.30851063,0
95.408424,3.7171102,14.482299,10.0,2.4024937,0.10209367,0.1557309,0.004991989,0.29111418,0.0030597185,0.6013289,0.23404256,1
163.94711,49.00407,124.995995,10.0,2.5751047,-2.6122818,0.11019933,0.0057091834,0.12570018,0.0013191301,0.2026578,0.7340425,1
194.78415,13.577509,40.037365,6.742353,2.632133,1.6563587,0.08450166,0.005720536,0.26856467,0.0017116376,0.0,0.43617022,1
112.288246,67.13124,161.0401,10.0,2.4503791,-1.7384968,0.21891196,0.0035331012,0.4323617,0.0013237735,0.0,0.19148937,1
0.0,0.0,0.0,10.0,2.280332,-2.1099455,0.18751661,0.0049085785,0.3834733,0.0015530156,0.0,0.0,1
186.56264,45.754135,175.89511,10.0,2.2749789,2.1216276,0.16207641,0.0039504915,0.31123874,0.00056012464,0.0,0.62765956,1
157.60905,53.238613,195.02254,10.0,4.2418137,11.228227,0.12985049,0.018326914,0.24799924,0.17426494,0.5215947,0.60638297,1
180.5788,51.692226,182.2058,10.0,2.3713722,0.73271775,0.21754983,0.0037514044,0.4495006,0.00084372505,0.0,0.59574467,1
170.33691,35.419537,129.46246,10.0,1.9537694,6.9218683,0.1180814,0.00392906,0.3373915,0.00045187608,0.0,0.62765956,1
183.4568,20.128475,86.628555,10.0,2.7409005,6.317983,0.12494186,0.002161728,0.08973121,0.00046937005,0.7408638,0.5212766,1
202.74648,11.239327,38.65963,10.0,2.3475304,2.2939713,0.16574751,0.0034390483,0.10583782,0.001200168,0.7076412,0.15957446,1
184.28432,15.462785,64.809784,10.0,2.3997345,1.3740892,0.11598007,0.009985044,0.098561995,0.012749293,0.61461794,0.5744681,1
256.18414,52.2182,204.02852,10.0,2.626213,-1.5684142,0.097167775,0.014083786,0.14940467,0.020867543,0.38538206,0.90425533,0
269.02847,57.05028,176.75108,10.0,2.364859,0.54946774,0.13200997,0.018605748,0.15948708,0.01845324,0.24584718,0.7446808,1
176.20581,11.842826,42.787712,10.0,2.1247237,1.7089933,0.14283222,0.013337239,0.11519468,0.0056462847,0.19933555,1.0,1
185.08789,24.779003,83.07713,5.430052,2.1731691,2.589913,0.0895598,0.013618727,0.08825538,0.004312489,0.036544852,0.9787234,1
146.4257,32.008396,85.76208,10.0,2.5341432,-0.11232342,0.118480064,0.006143829,0.13348903,0.0031876455,0.538206,0.85106385,1
143.42848,35.97125,93.56075,10.0,2.1426375,-5.7522683,0.1588123,0.006221009,0.17578407,0.0029129093,0.5714286,0.78723407,0
162.6761,25.157795,102.472466,10.0,2.8460279,3.7963467,0.122533225,0.0031631899,0.11455361,0.003069657,0.82392025,0.79787236,1
105.556076,1.5492493,5.476637,10.0,2.611488,-8.1692915,0.23928571,0.011554978,0.3125252,0.008908059,0.056478404,0.20212767,1
166.64638,25.15056,97.43116,10.0,2.2770233,-2.3220682,0.12637043,0.0035461837,0.107105576,0.0018856246,0.7707641,0.9574468,1
114.38191,13.336323,113.08429,10.0,3.0826538,-3.4844766,0.13996677,0.013232639,0.12227534,0.009092069,0.14617941,0.7340425,0
114.04557,27.153927,87.81282,10.0,2.1373048,-2.7207298,0.11601329,0.009781105,0.12941943,0.005363552,0.31893688,0.67021275,1
140.19862,18.839115,57.67806,10.0,3.1483505,2.7547576,0.10046512,0.0059973756,0.110691264,0.0022665458,0.29568106,0.7765958,1
153.06764,24.641727,100.66474,10.0,2.4766662,4.6449594,0.10626246,0.0058780652,0.08319043,0.0019752365,0.4717608,0.86170214,1
155.92668,18.844152,54.498318,10.0,2.746327,2.1577213,0.1408887,0.0071174116,0.21567515,0.0035866399,0.46843854,0.69148934,1
151.3324,19.667477,74.30507,10.0,2.520072,2.1264436,0.15218438,0.007990621,0.25918722,0.003568642,0.32225913,0.87234044,0
144.67853,7.7922497,46.628487,9.884657,2.1659908,6.8552723,0.08752491,0.012068638,0.12310384,0.0025380808,0.06312292,0.9148936,0
147.1613,14.39276,61.14211,10.0,2.6980407,4.0048504,0.09036545,0.010569647,0.12791558,0.0035287768,0.24584718,0.86170214,1
128.77171,23.868074,90.679375,10.0,2.2905097,2.5341275,0.12851329,0.009227946,0.11854852,0.0028609391,0.18604651,0.80851066,1
124.75854,24.716583,99.76958,10.0,2.1983724,3.299234,0.09239203,0.010400427,0.06212053,0.011610714,0.7906977,0.5638298,1
156.0365,28.348936,117.708664,10.0,2.4047403,-1.7576427,0.20518273,0.0021048447,0.48905537,0.0004723934,0.0,0.4893617,1
171.11577,25.737352,115.54682,10.0,2.5693388,-2.014375,0.123488374,0.020352192,0.16239116,0.023594167,0.22923589,0.89361703,1
148.87541,37.181496,121.20886,10.0,2.447183,-2.6903572,0.11763289,0.020579545,0.10534366,0.02434797,0.31893688,0.5638298,1
142.81013,15.242889,52.03726,10.0,2.9130423,-3.8901052,0.12625416,0.010316239,0.19966738,0.021317277,0.6079734,0.18085106,1
136.4468,15.553856,70.17872,10.0,3.0914469,-3.6370037,0.10568937,0.020829575,0.11745818,0.027939709,0.06644518,0.85106385,1
171.19125,41.021873,120.6467,10.0,2.111311,2.455216,0.11406146,0.032505263,0.09551097,0.025609693,0.06644518,0.7765958,0
97.22175,9.75602,33.951992,10.0,2.3246257,-2.2761862,0.11952658,0.009036563,0.115056716,0.0039703394,0.3089701,0.4893617,0
91.09367,5.504913,14.890253,10.0,1.6516554,-2.1816318,0.11670266,0.015013541,0.080137685,0.013951022,0.39534885,0.5319149,1
121.116325,2.9296997,10.366651,10.0,2.4280577,0.8368797,0.11384551,0.008176181,0.120502986,0.0051679825,0.6013289,0.13829787,1
120.523834,23.852047,61.787136,10.0,2.5194635,-3.9090893,0.17651993,0.014804372,0.14089344,0.017087953,0.39202657,0.26595744,1
94.71416,9.760374,35.962822,10.0,1.8857616,-2.5663657,0.10969269,0.012155895,0.069780074,0.005524766,0.18936877,0.71276593,1
114.204796,44.64034,177.84192,10.0,2.7181602,-1.5669822,0.12428571,0.01537585,0.11026171,0.0097562345,0.14617941,0.7340425,0
95.456085,5.9419894,32.5,10.0,2.8760738,0.5694495,0.098654486,0.013497516,0.082738616,0.012490718,0.38538206,0.5,1
1854.7874,149.94081,358.41403,10.0,2.3594213,-6.3814154,0.30393687,0.0029484935,0.5354617,0.0008781168,0.0,0.08510638,1
73.17137,9.280585,23.426767,10.0,2.9995131,0.4882697,0.176902,0.001630285,0.43376845,0.00020740755,0.0,0.5531915,1
73.87254,8.9380665,22.915125,10.0,2.7427604,-0.6648352,0.20064785,0.0016117445,0.45997965,0.00019802239,0.0,0.41489363,1
2013.9463,5.489123,11.644188,10.0,1.8285996,-7.8437996,0.32715115,0.0031318087,0.52144533,0.0007192768,0.0,0.06382979,1
73.33956,9.972278,25.503143,10.0,3.176887,1.3798416,0.14983389,0.0016698419,0.42290825,0.00021782555,0.0,0.25531915,1
77.20637,7.1076293,20.518965,10.0,2.9629815,0.89704084,0.14469269,0.0016395682,0.3784109,0.00020957652,0.0,0.19148937,1
128.73027,46.413464,122.82452,10.0,2.5495996,5.844966,0.1157309,0.0033975795,0.24607013,0.00072781194,0.0,0.5851064,1
133.44711,15.089225,69.77452,10.0,2.1352353,7.323143,0.13788205,0.001746748,0.1459514,0.00062026223,0.8372093,0.63829786,1
169.77345,27.505796,97.488716,10.0,3.0000017,-0.106550075,0.15392026,0.0056809583,0.29566225,0.0013921751,0.10963455,0.7659575,1
148.0961,16.428324,57.730564,10.0,3.1237295,1.1232724,0.12929402,0.002115774,0.1587673,0.0003346324,0.47840533,0.64893615,1
141.98253,16.78631,53.463764,10.0,2.23832,3.7632813,0.18320598,0.005201462,0.23868603,0.0019736786,0.45182723,0.5,1
490.99976,568.027,1451.0797,10.0,2.3096042,0.31052968,0.12478405,0.0062266346,0.13032347,0.0022815815,0.4651163,0.5638298,1
184.99084,32.744194,104.778625,10.0,2.7959523,-3.259524,0.13913621,0.008536492,0.15819953,0.0043722033,0.13953489,0.63829786,1
194.53668,23.934792,86.09482,7.925229,1.7504071,6.3113785,0.092450164,0.019244932,0.07979453,0.0037601267,0.1295681,0.9468085,1
99.29424,4.840221,22.185194,10.0,1.7881557,-5.016719,0.19759966,0.0044670794,0.36651742,0.001025466,0.0,0.30851063,1
77.156204,11.986625,54.549458,10.0,2.5021725,-4.005244,0.24687707,0.004591249,0.4902707,0.0017053805,0.0,0.63829786,1
110.139694,14.879813,48.22521,10.0,1.7214073,1.9426287,0.20287375,0.009830674,0.38613063,0.004336593,0.0,0.5638298,1
219.7598,183.06836,524.9466,10.0,2.2937856,-5.6129932,0.2199917,0.0055375425,0.42228776,0.0022196074,0.0,0.59574467,1
101.05844,18.805939,61.06032,10.0,1.7114868,-4.4152527,0.26385382,0.005771931,0.47124988,0.0015061428,0.0,0.61702126,1
87.95338,4.406477,23.472553,10.0,2.0212538,-4.1532087,0.19319767,0.0072885677,0.34507462,0.0026390594,0.0,0.4574468,0
108.855606,4.843018,21.513197,10.0,1.4068681,-0.5394988,0.3352824,0.009103782,0.53851676,0.003150624,0.0,0.5319149,1
131.2072,26.65496,106.46908,10.0,1.8771383,-5.0801687,0.19759966,0.011945329,0.30894676,0.0062243487,0.0,0.7234042,1
0.0,0.0,0.0,10.0,1.9721278,-5.4141083,0.1960382,0.0016326362,0.4266245,0.00019186443,0.0,0.0,1
134.96014,31.816034,97.96994,10.0,2.2340531,-3.6816792,0.13468438,0.0064876173,0.22456172,0.004253942,0.14617941,0.38297874,1
110.25206,13.720596,72.76994,10.0,1.5958256,-1.996312,0.1316113,0.010683147,0.25445148,0.003761447,0.0,0.79787236,1
80.26693,13.185884,32.59247,10.0,2.2682633,-5.0554724,0.17225084,0.0017476799,0.392939,0.0002311048,0.0,0.14893617,1
102.62865,9.677045,38.84693,10.0,1.3759773,0.9793017,0.13286544,0.0077885934,0.1896342,0.0016174358,0.0,0.4680851,1
98.431046,5.213297,37.871643,10.0,1.7112083,2.4623241,0.15599668,0.007501156,0.335632,0.0020930413,0.0,0.64893615,1
132.92679,41.78919,133.98418,10.0,2.2185683,0.051554292,0.11239202,0.008331272,0.07131441,0.0073746145,0.69435215,0.5212766,1
130.00282,38.39622,93.5448,10.0,2.6924868,-1.609833,0.13028239,0.010024031,0.11976931,0.012412862,0.6744186,0.43617022,1
163.1447,29.263594,85.69199,10.0,2.303973,-0.9021021,0.1555814,0.007128096,0.101515755,0.009240098,0.77740866,0.5531915,1
84.86165,9.074694,46.92043,10.0,2.0744104,-4.629987,0.098654486,0.016996235,0.080760516,0.011935057,0.23255815,0.82978725,1
93.91386,8.174907,42.512054,10.0,2.6740685,-2.748201,0.14687708,0.01389238,0.1597865,0.01446898,0.22259136,0.43617022,1
94.092224,9.472893,51.43351,10.0,2.7881236,-4.4784217,0.10402824,0.016563317,0.10354485,0.017255722,0.29900333,0.4680851,1
104.38582,3.619427,15.607469,10.0,2.5681963,-2.2574463,0.09782392,0.030529546,0.11176191,0.04034817,0.2026578,0.86170214,1
120.3158,1.7638485,5.5436306,10.0,2.2158546,-1.84892,0.10634551,0.0046462906,0.07345523,0.0023076735,0.72757477,0.08510638,1
145.2328,45.102703,139.26637,10.0,3.0290325,-4.5203657,0.17513289,0.01904827,0.15985432,0.03605698,0.30232558,0.34042552,1
146.45818,20.02351,49.975178,10.0,3.3141704,-1.8007792,0.1508804,0.008432606,0.112873636,0.009854127,0.4717608,0.40425533,1
107.21555,20.345482,63.231342,10.0,1.900001,-2.1969178,0.18381229,0.019378554,0.11119348,0.017736373,0.26578072,0.70212764,1
113.89674,17.451246,72.06816,10.0,2.1793525,-0.81612813,0.10898671,0.009976192,0.07904044,0.008873076,0.41860464,0.5212766,1
117.57331,22.212496,74.741104,10.0,2.995784,-3.693867,0.124028236,0.018219603,0.11086442,0.018830681,0.15946844,0.7340425,1
111.896515,31.841425,85.7335,10.0,2.7145019,-4.1096454,0.100149505,0.012152997,0.081302874,0.012920202,0.38538206,0.5212766,1
131.4925,24.555779,109.62339,10.0,2.7129734,-5.1678896,0.10472591,0.008650181,0.13728075,0.003376405,0.269103,0.80851066,1
120.39657,20.728449,77.626785,10.0,1.9264095,-3.0051332,0.08765781,0.016314726,0.07911422,0.009760199,0.2757475,0.7446808,1
168.42061,7.19458,22.489176,10.0,2.5626144,-3.0152793,0.12913622,0.008978597,0.13066062,0.009003032,0.5215947,0.23404256,1
124.19479,40.84283,94.3019,10.0,2.6979609,-4.0260024,0.18262458,0.008058762,0.2507021,0.005622335,0.33887044,0.5744681,1
304.54428,157.22137,405.64297,10.0,3.3638558,-5.3609734,0.11200166,0.0048905513,0.11351328,0.0020303288,0.3488372,0.78723407,1
106.56334,8.6179,47.396725,10.0,3.4678252,-1.2165966,0.10871262,0.029548984,0.1348728,0.05009448,0.10631229,0.4680851,1
97.4101,9.503959,36.7959,10.0,2.6558306,-3.218265,0.13763289,0.016779121,0.11062776,0.00972417,0.10299003,0.85106385,0
177.76085,6.445758,33.655163,10.0,2.1777654,-2.4810598,0.15862957,0.0017079174,0.38993075,0.00021613625,0.0,0.5638298,0
1988.6693,14.38349,46.1759,10.0,1.9648229,-3.4041796,0.17329735,0.0016926313,0.40769896,0.00020373598,0.0,0.07446808,0
173.21953,6.2265334,16.907349,10.0,2.1860251,-2.6948628,0.15339701,0.0016593293,0.39609697,0.00019762373,0.0,0.34042552,0
179.96754,10.917842,43.33633,10.0,1.8130016,5.809322,0.12570599,0.0032831172,0.30406594,0.00034927527,0.0,0.78723407,0
84.91652,1.2802417,5.3747973,10.0,1.9303765,-2.4456794,0.16535714,0.0016791804,0.39520013,0.00019566604,0.0,0.24468085,0
203.26445,30.46579,159.33493,10.0,2.3166232,2.6095915,0.15758306,0.005024815,0.34173235,0.0010869636,0.0,0.89361703,0
176.60664,7.9667516,29.268896,10.0,2.2087474,-1.7235476,0.17509136,0.0017812169,0.41245618,0.00022585949,0.0,0.4574468,0
155.06097,33.82006,95.569786,10.0,3.2549133,-4.8746033,0.17236711,0.0114312675,0.20105325,0.010443775,0.1627907,0.42553192,0
162.58524,26.530478,140.1603,10.0,2.6649117,6.7838135,0.16126245,0.00527987,0.2189651,0.0019145618,0.48504984,0.7765958,0
164.37555,21.781996,99.34925,10.0,2.9877393,-2.569276,0.11922757,0.0074413996,0.10779185,0.005606643,0.61461794,0.80851066,0
161.4689,40.515957,123.79488,10.0,2.5452852,-3.6881483,0.10468438,0.012992056,0.16026558,0.009274081,0.24584718,0.84042555,0
133.11766,20.893084,76.068886,10.0,3.5938916,-4.9223776,0.10186877,0.010585706,0.12496776,0.00808901,0.11295681,0.7446808,0
116.75895,18.549433,71.59306,10.0,3.0793824,-0.07099342,0.14463454,0.010436644,0.16404079,0.0056494684,0.093023255,0.60638297,0
138.38055,16.37659,49.68734,10.0,3.240826,1.7994215,0.14909469,0.009690752,0.1978337,0.0051104426,0.17607974,0.4787234,0
175.03296,6.8864408,24.507538,10.0,2.1476953,6.3587785,0.12761629,0.0027589025,0.18223663,0.00040109069,0.6677741,0.82978725,1
171.49133,5.7566576,39.73959,10.0,5.0,-3.1536436,0.16413622,0.00080763677,0.5123546,0.00045056918,0.8770764,0.9148936,1
179.53772,12.238691,47.96849,10.0,3.3299663,6.63721,0.10223422,0.0016227604,0.12123286,0.0004057243,0.7707641,1.0,1
154.10062,50.269768,182.96577,10.0,3.328274,-2.1183438,0.08678571,0.0035362847,0.07751079,0.00093828153,0.34551495,0.7765958,1
180.05763,11.39623,52.6876,10.0,3.0246158,3.875711,0.08384552,0.0028821141,0.12435963,0.0008453303,0.48172757,0.7234042,1
175.53615,10.503981,69.06134,9.891851,2.5430434,2.8547285,0.11744186,0.0062929858,0.13955851,0.0012834555,0.26578072,0.80851066,1
182.7942,17.53698,71.24558,7.28031,2.0658739,5.065105,0.08362126,0.008668439,0.08788007,0.0015338965,0.18272425,0.9468085,1
160.01004,68.81918,219.51941,10.0,3.2659469,1.5184908,0.16605482,0.0026415423,0.18536192,0.0009990634,0.59468436,0.4893617,1
182.34329,41.722176,180.11298,10.0,2.680399,3.5961413,0.11471761,0.007796538,0.15124437,0.0038345428,0.45182723,0.7553192,1
207.34668,22.268341,54.701412,10.0,2.3217535,-2.5402555,0.1658804,0.013193684,0.07429321,0.016420567,0.5813953,0.4787234,1
198.22076,30.539299,113.6038,10.0,2.715305,-0.27060193,0.14854652,0.009894547,0.182865,0.00926322,0.358804,0.5425532,0
142.32617,43.227375,119.59082,10.0,1.9212509,-3.0820358,0.14897841,0.018166242,0.07404287,0.049948517,0.6013289,0.40425533,1
275.6875,244.37016,786.425,10.0,2.486914,-0.32468355,0.1485382,0.021122657,0.09752682,0.013761992,0.07973422,0.9148936,0
203.02934,40.28307,158.19621,7.6243944,2.4811366,-0.74974746,0.076860465,0.016189858,0.09184038,0.00962544,0.12292359,0.9893617,1
200.42036,66.465355,193.25081,10.0,3.2182736,-0.6621483,0.21514119,0.0019859958,0.37081468,0.00081545365,0.5714286,0.26595744,1
77.611374,1.1928504,3.5945997,10.0,2.4805505,-5.7025104,0.23626246,0.0033765244,0.37349984,0.0012414514,0.18604651,0.05319149,1
0.0,0.0,0.0,10.0,2.7747343,-2.8345675,0.10796512,0.010526585,0.07456301,0.01370215,0.41196012,0.0,1
131.43968,24.776148,56.376923,10.0,2.5185494,-0.97843224,0.25136212,0.017781144,0.26436737,0.03623946,0.5780731,0.21276596,1
105.0141,4.0444813,18.39451,10.0,2.5573673,-5.1958823,0.12133721,0.02877432,0.07995544,0.11728166,0.3754153,0.27659574,1
112.11249,10.238416,59.073418,10.0,2.9760659,-3.4835503,0.09757475,0.031067528,0.12125113,0.04046613,0.1295681,0.81914896,1
119.82783,14.681608,58.31929,10.0,2.1792102,-1.3330995,0.066835545,0.023047036,0.0666077,0.019945655,0.19933555,0.9255319,1
172.8113,5.4799867,27.181479,10.0,3.9759357,3.101666,0.1048588,0.00032101406,0.2792363,7.4422205e-06,0.0,1.0,1
170.59628,6.8024755,38.63012,10.0,2.6277704,-8.11899,0.12056478,0.00084014185,0.13493876,0.00012659206,0.069767445,0.7659575,1
154.6642,32.783783,92.0221,10.0,2.8981307,0.56395096,0.13240863,0.005445154,0.123792715,0.0035471993,0.50498337,0.79787236,1
120.68552,24.446863,103.88352,10.0,2.4603693,1.5741041,0.09053156,0.011255,0.110188,0.007283475,0.269103,0.81914896,0
162.59074,26.663544,112.877525,10.0,3.2477536,-3.9391727,0.10298173,0.002173081,0.13335402,0.0008289742,0.72757477,0.9574468,0
135.12082,26.438803,89.81812,10.0,2.98617,-2.2837932,0.085315615,0.008065202,0.09436235,0.00501582,0.32225913,0.88297874,0
160.07404,79.05852,284.46945,10.0,2.9413218,0.4840741,0.09270764,0.015017728,0.09514218,0.015854992,0.36877078,0.5531915,0
123.28377,16.167921,79.117165,10.0,1.9323813,-3.960798,0.12312292,0.0072403653,0.08579987,0.005028788,0.70431894,0.3723404,0
129.96948,9.246732,33.14414,10.0,2.8521423,1.0162859,0.09835548,0.0047441544,0.082661666,0.0059999693,0.82392025,0.24468085,0
133.54282,18.617323,50.530914,10.0,3.078973,-2.7857776,0.13202658,0.010705549,0.1252197,0.011152868,0.56478405,0.3723404,1
134.54248,18.21631,76.60875,10.0,2.2880347,1.3504527,0.13077243,0.014400821,0.1211291,0.009956741,0.43521595,0.80851066,0
127.10177,19.9132,67.1169,10.0,2.5574453,-1.40736,0.12192691,0.020515796,0.11245571,0.019488817,0.08637874,0.62765956,0
116.65847,11.714316,59.7812,10.0,3.1476145,-6.717285,0.11177741,0.015494943,0.11574947,0.014561065,0.10631229,0.86170214,1
122.17786,13.054023,70.38023,10.0,2.45917,-1.9122789,0.0861711,0.013311077,0.06068693,0.010899365,0.22259136,0.62765956,1
178.35687,9.629338,28.766073,10.0,1.9799856,5.7046776,0.09055648,0.0080500655,0.058623392,0.0061398186,0.807309,0.20212767,0
158.13927,15.349335,47.124954,10.0,2.0560687,12.641163,0.098787375,0.0027802647,0.079816274,0.0014671828,0.94684386,0.18085106,1
181.0361,3.9661188,13.382862,10.0,2.1645663,10.806643,0.11862126,0.00854014,0.12628068,0.00840106,0.8039867,0.20212767,1
162.969,9.621205,29.296558,10.0,2.3209648,3.3570004,0.081578076,0.026186133,0.07792092,0.021107648,0.3986711,0.7234042,1
175.73091,1.1552371,3.052201,10.0,3.1227677,3.273448,0.09975083,0.0027750295,0.091722764,0.0032712328,0.89700997,0.10638298,1
176.11888,17.021755,71.07466,8.163909,2.7371225,2.674429,0.090207644,0.04051512,0.10344448,0.06175238,0.09966777,0.9787234,0
156.78185,9.527595,38.941135,10.0,3.0889003,3.5883322,0.06933555,0.020257933,0.060032174,0.016628455,0.2591362,0.7765958,1
182.37663,16.903254,82.899155,10.0,2.1107163,0.7599738,0.11104651,0.0031782796,0.06535247,0.0010929988,0.68770766,0.62765956,1
171.50237,16.668884,83.200935,10.0,3.9538968,5.629241,0.09232558,0.0009104926,0.14232288,0.00014461158,0.4385382,1.0,1
196.93814,29.667925,126.62665,10.0,2.5694003,4.7233977,0.09726744,0.0034965107,0.06472731,0.00096150115,0.5913621,0.7659575,1
208.67807,20.296015,87.44877,10.0,3.039886,0.048887473,0.1105814,0.012542395,0.09580105,0.0070286375,0.16943522,0.85106385,1
172.43272,6.356692,39.692413,10.0,4.098974,-5.468147,0.15865448,0.000554127,0.4234626,6.0935832e-05,0.0,0.5744681,1
155.13606,53.13066,166.90646,10.0,2.1554284,0.05253903,0.15254983,0.015092965,0.111421935,0.010067151,0.17275748,0.5638298,1
266.30762,134.43979,555.3928,10.0,2.8498757,3.3020897,0.09351329,0.0067457925,0.07814658,0.0035409846,0.52491695,0.7234042,1
160.36534,14.066438,43.020428,8.659685,3.0187275,2.9653034,0.10213455,0.0062947054,0.12687968,0.0035393753,0.627907,1.0,1
173.20732,3.6594033,15.7747965,10.0,2.2558627,1.9285876,0.11273256,0.0002530118,0.30847245,2.4992028e-06,0.0,0.9680851,1
166.12842,8.617823,34.8123,10.0,3.0923727,6.037652,0.10167774,0.0021531319,0.12208601,0.0014136365,0.88372093,0.9787234,1
144.17455,12.937025,48.077538,10.0,2.9309494,2.6938334,0.11439369,0.01566007,0.16236435,0.009719657,0.2358804,0.85106385,1
158.42255,15.263985,53.27639,10.0,3.299486,-0.044802837,0.07092193,0.006527208,0.084368624,0.002419953,0.48172757,0.9574468,1
139.97417,11.179588,63.69226,10.0,2.7914898,-0.8215124,0.07630399,0.022855558,0.0770442,0.01562608,0.13953489,0.86170214,1
150.3312,19.666922,67.07376,10.0,2.1661057,0.47293866,0.07247508,0.011141865,0.09586582,0.0050718933,0.36212623,0.9255319,1
123.28728,1.8913256,7.174267,10.0,1.9853959,7.0172787,0.1572259,0.009528841,0.13543114,0.006035645,0.5780731,0.19148937,1
2035.1229,9.820712,35.338852,10.0,3.2465725,-7.901118,0.19445182,0.001318088,0.37153575,0.00031234295,0.013289036,0.07446808,1
114.38935,5.8124876,18.332052,10.0,3.2146626,-5.337231,0.108446844,0.010821246,0.083738774,0.013130325,0.45182723,0.23404256,1
121.34514,20.234589,58.352215,10.0,2.623725,-5.185524,0.09433555,0.012403048,0.08750858,0.009823826,0.43521595,0.35106382,1
102.140564,12.053384,41.538567,10.0,2.665121,-2.4044023,0.14391196,0.004085306,0.1329411,0.001890412,0.47508305,0.28723404,1
115.347664,15.08463,54.50387,10.0,3.1117406,-4.6391997,0.091901995,0.023424627,0.13619763,0.024084954,0.04318937,0.9255319,0
111.74458,9.122592,29.358002,10.0,3.2416666,-3.2559564,0.14983389,0.014134588,0.18043639,0.019883415,0.2591362,0.39361703,1
1026.2051,806.9758,1688.3934,10.0,1.9706801,0.7978373,0.19862126,0.003967051,0.33332756,0.0014056996,0.0,0.44680852,0
1694.9723,127.26311,380.44003,10.0,1.3876182,-2.6137938,0.19796512,0.005064703,0.33138055,0.001446031,0.0,0.24468085,1
180.64467,69.5436,278.81656,10.0,2.1864524,0.35043323,0.18147841,0.002690688,0.36078817,0.00042956852,0.0,0.43617022,1
207.48369,13.316372,71.32984,10.0,1.4810156,5.0596237,0.16483389,0.011043493,0.28757086,0.0027484875,0.0,0.7659575,1
103.30321,43.08432,158.43915,10.0,1.7698972,-1.6721107,0.15273255,0.0036435863,0.28299078,0.0005904626,0.0,0.68085104,1
177.34302,42.64674,157.53873,7.993868,1.4825788,3.3545208,0.13208471,0.008130186,0.30326205,0.0015499709,0.0,0.9148936,1
196.55772,10.772618,52.231182,10.0,1.5609008,4.3249636,0.17417774,0.0044240807,0.30771807,0.00071290386,0.0,0.3617021,1
226.40839,38.3317,115.67763,10.0,2.8598273,4.416475,0.15427741,0.006828071,0.16537535,0.0035533176,0.5681063,0.68085104,1
214.12234,40.888065,179.04955,10.0,2.6405356,3.929996,0.08576412,0.005373426,0.07200692,0.001550933,0.38538206,0.9361702,1
197.86948,40.67571,180.29173,10.0,3.16946,3.009256,0.115199335,0.0045097223,0.08749125,0.0019080003,0.47840533,0.7553192,1
205.16544,29.804832,111.371376,10.0,3.289226,7.124841,0.10953488,0.003868872,0.1492708,0.0007289026,0.29568106,0.9361702,1
217.93283,24.350851,128.41087,10.0,2.4247668,5.433192,0.090083055,0.007231033,0.12671988,0.0020724998,0.26245847,0.9468085,1
212.21303,32.58698,113.96408,10.0,2.421696,3.5665882,0.078438535,0.0033620652,0.080047324,0.0004864501,0.3820598,0.85106385,1
230.01779,27.132286,126.20485,10.0,2.537894,7.064043,0.08545681,0.0059867115,0.075128995,0.00087014074,0.24584718,0.9148936,1
138.40761,24.428051,72.2154,10.0,2.5345352,-5.0872107,0.120714284,0.009031136,0.15773925,0.0054548793,0.4551495,0.5851064,1
162.97108,85.30634,266.60712,10.0,2.0692418,-0.6542988,0.12022425,0.0042527295,0.060766365,0.001953508,0.6112957,0.4787234,1
116.59143,24.839787,72.386696,10.0,2.871082,-2.280205,0.13079734,0.0048023737,0.1410392,0.0028879754,0.6910299,0.31914893,0
103.864,5.569728,22.21212,10.0,1.6551926,-0.47899806,0.10609634,0.010236946,0.07156782,0.0032762305,0.16943522,0.7553192,1
110.976974,9.879772,49.078964,10.0,2.4650528,-1.4160405,0.14297342,0.009654811,0.16572952,0.004151059,0.15946844,0.82978725,0
113.68517,14.630497,58.77555,10.0,2.4857252,-6.067366,0.11780731,0.019952692,0.12879853,0.020149458,0.11960133,0.9255319,0
124.54446,17.76063,57.744835,10.0,2.6054614,-0.65094715,0.122284055,0.012302679,0.088721074,0.0046836827,0.2591362,0.82978725,1
132.15488,25.132221,98.93538,10.0,1.6647782,0.049088657,0.15539867,0.0030662317,0.28317553,0.00044077853,0.0,0.7553192,0
110.48032,19.184546,69.526596,10.0,2.1839736,-6.6007853,0.20883721,0.0017607501,0.41692013,0.00020539122,0.0,0.23404256,0
143.119,32.848618,92.84472,10.0,2.0856485,-2.855253,0.22361296,0.0020958998,0.36173135,0.00033656863,0.0,0.5851064,0
118.10476,12.639617,51.73003,10.0,1.9026365,-0.9963029,0.16980067,0.0043330695,0.32581615,0.0008756261,0.0,0.79787236,0
167.82593,9.312812,26.560654,10.0,1.9937438,-3.8363347,0.23517442,0.0017167638,0.43184358,0.00018594033,0.0,0.24468085,0
111.618614,9.024659,56.00827,10.0,2.549047,-0.07682926,0.14225914,0.006560712,0.2832386,0.0053440584,0.03986711,0.9361702,0
117.47868,16.545414,63.7169,10.0,2.073385,3.8199556,0.2201495,0.0041211387,0.3723071,0.0012454168,0.0,0.5425532,0
174.86063,19.724844,98.9732,10.0,4.134282,4.65838,0.11608804,0.0011723653,0.23778845,0.0001705591,0.15946844,0.9361702,1
162.81728,22.69061,110.79926,10.0,2.7181609,4.531005,0.08215947,0.0036276183,0.1072701,0.0007277652,0.45847178,0.9255319,1
177.44945,28.058435,101.20948,10.0,2.8411424,7.5011673,0.09421927,0.005201204,0.094338946,0.003195118,0.627907,0.84042555,1
164.92079,13.921719,69.408134,10.0,2.9036968,7.4637794,0.13806479,0.002919579,0.21621418,0.00070189184,0.71428573,0.86170214,1
153.29855,21.12672,66.496025,10.0,2.4601047,2.6314025,0.10447674,0.0070725675,0.12944713,0.0013965754,0.45182723,0.9680851,1
152.53767,28.46879,126.94451,10.0,2.7302155,-1.3216007,0.084609635,0.00441886,0.07226388,0.001843516,0.5116279,0.9255319,1
157.99417,41.846848,187.30725,10.0,2.7906222,-0.066058405,0.08231728,0.0065320316,0.079935655,0.0039711064,0.4883721,0.90425533,1
90.28924,7.8201623,46.30581,10.0,2.281556,3.5276723,0.12204319,0.0052716825,0.27800092,0.0012640611,0.0,0.62765956,0
89.93911,8.302066,36.636112,10.0,1.9053968,1.2733556,0.12941861,0.003957266,0.24588354,0.0006276332,0.0,0.63829786,1
90.24666,16.904959,60.222668,10.0,2.1650763,-2.4170878,0.11648671,0.0028137832,0.22972198,0.000571238,0.0,0.70212764,1
135.78044,48.976753,132.86871,10.0,2.2144027,0.08421463,0.19391195,0.0047102463,0.44621512,0.0013401032,0.0,0.4680851,1
77.783615,6.773092,24.979544,10.0,1.9488962,-4.5549626,0.16557309,0.0037811326,0.33360794,0.00078282924,0.0,0.5319149,1
98.14831,8.021973,29.225874,10.0,1.8686314,1.5988531,0.12812293,0.0067472234,0.3089724,0.0014178446,0.0,0.89361703,1
85.579346,8.141026,59.499096,10.0,1.8242755,0.44485664,0.1442608,0.005058441,0.31239027,0.0010341987,0.0,0.81914896,0
111.100746,51.83192,116.41268,10.0,3.0650136,0.30950433,0.14253323,0.0047003264,0.43839052,0.0014642049,0.0,0.27659574,1
81.60119,15.661796,39.02124,10.0,2.8057923,-0.9955209,0.119460136,0.0025790941,0.3371044,0.00046281703,0.0,0.5851064,1
176.81407,43.50839,171.7497,10.0,2.4795039,-2.0015383,0.19454318,0.0144140255,0.53682137,0.013756869,0.009966778,0.81914896,1
184.75993,21.092957,82.06525,10.0,2.728435,0.71823287,0.16931063,0.0064166137,0.40591612,0.0020452654,0.0,0.71276593,1
118.37537,60.745296,154.59361,10.0,3.8316379,5.073122,0.07526578,0.003903707,0.29746202,0.0009364308,0.0,0.5744681,1
73.528656,3.1401982,19.415205,10.0,2.5426257,-6.1334968,0.10635382,0.0028492957,0.30303973,0.0005953147,0.0,0.9574468,1
72.15436,10.5313,33.160168,10.0,3.0274389,-1.5612036,0.11836379,0.002672045,0.3351773,0.0005277967,0.0,0.71276593,1
162.23584,19.885963,71.88788,10.0,1.7499706,4.063115,0.12107143,0.016081877,0.21031009,0.0043739188,0.0,0.79787236,0
0.0,0.0,0.0,10.0,1.8614022,-9.979746,0.2926578,0.0029089665,0.53338826,0.00078976847,0.0,0.0,1
157.99428,11.733469,49.978245,10.0,1.8570484,3.3844137,0.14657807,0.012994398,0.18416052,0.0046829493,0.006644518,0.63829786,1
135.69043,11.290489,84.777016,10.0,2.2227144,4.499559,0.07289036,0.013034643,0.153871,0.0041585653,0.0,0.9361702,1
162.13802,26.88661,92.86727,10.0,1.9593028,-0.2566347,0.16897841,0.014282393,0.3963658,0.009830051,0.046511628,0.71276593,0
144.72862,18.725554,59.66541,10.0,2.3581932,1.3018236,0.18531561,0.009229893,0.39876604,0.0038397114,0.0,0.68085104,1
141.29611,8.179983,50.57752,9.360594,2.1443803,5.9116216,0.08772425,0.0148333935,0.15914775,0.0047549163,0.0,0.9148936,1
0.0,0.0,0.0,10.0,2.8420417,-6.1281767,0.110481724,0.0009457762,0.23546503,0.00018368609,0.0,0.0,1
111.65608,24.632565,72.80603,10.0,3.149102,-2.949471,0.078521594,0.010171359,0.08758984,0.010504906,0.4717608,0.32978722,1
188.50014,28.657656,95.86696,10.0,3.0713866,3.135982,0.16398671,0.0032229344,0.2523522,0.0015533126,0.48504984,0.23404256,1
85.28383,9.750369,28.796482,10.0,2.5909758,-4.574546,0.10436047,0.0065586697,0.10857214,0.0040302454,0.53156143,0.26595744,0
100.9207,2.4420848,9.272015,10.0,3.1196234,2.679263,0.13425249,0.0064888257,0.24530599,0.003670596,0.48504984,0.29787233,1
85.08008,11.980441,52.054012,10.0,2.4562514,-4.3412027,0.17523256,0.011609705,0.14144348,0.007295462,0.16943522,0.5106383,0
146.82628,66.99162,245.89607,10.0,2.8470213,-3.1078455,0.16696844,0.009918231,0.22134994,0.0096321395,0.3986711,0.5106383,1
75.78168,8.814543,36.636112,10.0,1.7247683,-6.8228607,0.20093854,0.0016900024,0.42314,0.00019069928,0.0,0.35106382,0
65.54561,0.57155335,3.8892665,10.0,2.063636,-2.7535722,0.12032392,0.0025518748,0.35917354,0.00032294466,0.0,1.0,0
161.96245,35.684883,89.16697,10.0,2.8970826,-7.613326,0.21003322,0.0041407156,0.41495633,0.0025332593,0.049833886,0.13829787,0
151.01746,3.9167573,12.985934,10.0,1.9019523,5.0210752,0.19203489,0.0058399523,0.35126978,0.0012216773,0.0,0.32978722,0
98.23617,36.88325,91.96466,10.0,2.4540653,6.213257,0.13725914,0.0037755459,0.3097695,0.0006373206,0.0,0.70212764,0
177.1426,29.303944,100.04699,10.0,2.4522498,-0.16329765,0.22901994,0.004974068,0.47165614,0.0017099684,0.0,0.44680852,0
175.88339,29.683613,125.088425,10.0,2.1714778,-0.7540294,0.14014119,0.008565979,0.27874082,0.0036076275,0.0,0.85106385,0
76.91689,8.208952,18.410513,10.0,2.3503706,-6.9300957,0.26332226,0.0035403464,0.42855865,0.0023617314,0.0,0.10638298,0
0.0,0.0,0.0,10.0,2.3538823,-1.337316,0.18196844,0.0020174652,0.41087222,0.00027712632,0.0,0.0,1
108.83566,20.963923,56.3334,10.0,2.2632267,2.838191,0.18247509,0.0040061837,0.27647018,0.0019432387,0.0,0.21276596,1
86.1848,12.398277,39.24729,10.0,1.5603957,-4.91601,0.21299835,0.0029320284,0.3679359,0.0005692493,0.0,0.22340426,0
100.32669,2.7631655,10.053169,10.0,1.7924377,1.1534641,0.2689867,0.0038308718,0.43780646,0.0008311102,0.0,0.14893617,1
132.76988,27.58007,122.117256,10.0,2.3148484,1.0821798,0.13678572,0.014874576,0.2425071,0.009942373,0.0,0.79787236,0
109.187225,12.569095,39.754932,10.0,1.9046398,-4.42573,0.16522425,0.007016399,0.25561485,0.0033438958,0.0,0.35106382,0
99.72696,15.333032,42.677055,10.0,2.2959375,2.9267762,0.13019934,0.0035971755,0.29202428,0.0007562233,0.0,0.23404256,1
79.8722,12.458403,39.626186,10.0,1.8145735,-0.37497842,0.17362957,0.0025494038,0.32616714,0.00038408328,0.0,0.60638297,1
138.3616,27.977495,94.26943,10.0,2.3789802,6.681754,0.12711795,0.010930051,0.19503614,0.0040665744,0.0,0.7765958,1
100.66909,11.466992,56.00894,10.0,1.5709742,0.69353133,0.19504152,0.009057477,0.36206782,0.0021512292,0.0,0.7234042,1
92.56237,5.788894,29.204924,10.0,1.8212601,1.6667532,0.12692691,0.0037122811,0.27177322,0.0006380172,0.0,0.40425533,1
105.490746,6.320308,31.452133,10.0,1.8526458,-4.5392537,0.12213455,0.009196658,0.23227564,0.0037242481,0.0,0.89361703,1
136.13857,38.28865,160.2064,10.0,2.2015684,2.036038,0.09813953,0.011241197,0.20915744,0.0036417667,0.0,0.9148936,1
133.37746,30.423876,86.60403,10.0,2.3070886,7.3541856,0.12202658,0.0071172724,0.08227153,0.0039242436,0.6810631,0.38297874,1
141.67567,11.350642,38.06921,10.0,1.9480209,-2.0095618,0.09971761,0.013045923,0.14005007,0.006826024,0.45847178,0.5212766,1
180.64201,35.452274,117.879524,10.0,2.8353448,-0.7851534,0.10459302,0.01074646,0.14870659,0.008633327,0.3754153,0.9148936,1
144.32062,17.42134,86.23015,10.0,2.9922237,-4.097938,0.18862127,0.013781545,0.2603071,0.01268049,0.32890365,0.62765956,1
169.92873,37.39045,141.25812,10.0,2.5030181,0.8417219,0.13686877,0.0059006535,0.09749923,0.0051040906,0.77408636,0.44680852,0
138.89342,9.423228,68.695526,10.0,2.847541,2.159375,0.12757476,0.02231489,0.16606115,0.02307194,0.16611296,0.71276593,0
160.40018,26.073597,119.22637,10.0,2.322589,0.44345868,0.08589701,0.020267287,0.09183351,0.022190394,0.27906978,0.70212764,1
188.42487,36.85401,104.49151,10.0,3.067917,1.6775559,0.16202658,0.004920678,0.17917421,0.0023731738,0.38538206,0.32978722,1
216.33237,68.412575,228.81627,10.0,2.9401839,-2.57727,0.13115449,0.0039800685,0.123569116,0.0024931962,0.32225913,0.34042552,1
163.08136,58.699997,158.79233,10.0,3.0140054,1.7530797,0.08309801,0.021721348,0.102441244,0.037465356,0.2591362,0.5106383,1
154.9505,50.74503,159.88947,10.0,2.4916542,1.459297,0.092450164,0.018571319,0.086872704,0.014932206,0.18272425,0.81914896,1
180.04742,23.76665,56.46067,10.0,2.102367,7.244793,0.16948505,0.011010821,0.13413619,0.012487006,0.5016611,0.11702128,0
204.16698,45.608444,180.50952,10.0,2.8489058,-3.4949107,0.08454319,0.016109308,0.067752145,0.01960613,0.23920266,0.7446808,0
208.54993,71.31798,299.79834,10.0,3.4646127,-0.80086577,0.106495015,0.008221246,0.09557316,0.008511804,0.2757475,0.89361703,1
90.355156,8.929364,62.418625,10.0,2.686647,-0.602247,0.116611294,0.0022584763,0.32321036,0.00036142144,0.0,0.4574468,1
122.16772,37.018143,114.32431,10.0,2.849157,0.016903732,0.14337209,0.0050593507,0.40115577,0.0020929286,0.0,0.5638298,1
88.87692,6.8864665,30.234835,10.0,2.4313674,-3.9398537,0.14159468,0.0019425196,0.3630726,0.00028753685,0.0,0.5744681,1
87.91312,5.680844,20.747847,10.0,2.7006967,-2.8175597,0.11968438,0.002246298,0.31973946,0.00037967475,0.0,0.3723404,1
127.93832,11.119311,72.47552,10.0,2.232673,-1.5736973,0.09643688,0.015127084,0.16505824,0.007656808,0.0,0.90425533,1
81.69436,15.215339,52.48869,10.0,2.4679286,-3.0706491,0.15237541,0.0032469397,0.35863844,0.0010068641,0.0,0.7659575,1
91.677315,5.230956,22.046919,10.0,2.0461543,-7.296962,0.25171095,0.0030801673,0.47995532,0.0007943822,0.0,0.23404256,1
92.616646,31.304495,65.406395,10.0,1.9412549,2.9992366,0.18642858,0.004039727,0.09325072,0.005060248,0.88372093,0.27659574,1
0.0,0.0,0.0,10.0,2.6382759,-4.951483,0.20285714,0.0033793359,0.3776591,0.0021838595,0.5880399,0.0,0
280.23267,203.53052,517.12213,10.0,3.0599992,-4.416223,0.099609636,0.042479448,0.10368194,0.13152964,0.1295681,0.62765956,0
132.4533,5.1138077,15.563555,10.0,2.759786,-0.30489618,0.15579735,0.014411942,0.1309734,0.016416866,0.4551495,0.35106382,1
140.90862,36.494556,109.207726,10.0,2.6094959,-4.3528414,0.15066445,0.008016089,0.17892079,0.0142859975,0.6611296,0.43617022,0
119.644,8.9884815,33.67267,10.0,2.773018,-4.3434114,0.10137043,0.023820616,0.14545277,0.027882209,0.053156145,0.4893617,1
134.66975,10.425077,40.594948,10.0,2.9105814,-1.0514106,0.11137043,0.029815521,0.12988773,0.039238628,0.16943522,0.89361703,1
69.74556,0.7202788,2.0071952,10.0,2.503546,-1.3222923,0.13083887,0.00032665607,0.23450805,1.3140902e-05,0.0,0.095744684,1
936.3623,846.39935,1870.5742,10.0,3.9945064,5.089257,0.14152823,0.0031405808,0.09005882,0.0034410213,0.84385383,0.31914893,1
180.70863,7.2316794,23.964478,10.0,2.562242,-5.116865,0.11369602,0.0055098813,0.097008936,0.0044963304,0.4152824,0.15957446,1
124.676735,30.93402,118.39054,10.0,2.1945367,1.2070477,0.120299004,0.01913818,0.16603157,0.015141799,0.37209302,0.78723407,1
110.67821,24.759869,77.95571,10.0,2.9400103,-5.079014,0.1385216,0.0104853,0.22372591,0.008681884,0.32225913,0.5319149,0
102.36499,10.651277,45.01793,10.0,2.447771,-0.62710357,0.1466196,0.030456657,0.22291996,0.04197509,0.073089704,0.5531915,0
169.52362,38.22642,111.635544,10.0,2.7253797,1.9855208,0.08367109,0.010387124,0.09328609,0.0053179953,0.44850498,0.61702126,1
154.78197,12.672172,64.72027,10.0,2.098958,-1.0820307,0.113372095,0.012919248,0.07158874,0.022550514,0.730897,0.5638298,1
160.20508,10.68013,53.418587,10.0,3.0980256,-3.9326727,0.121578075,0.00046289637,0.2043967,2.14638e-05,0.0,0.4680851,1
134.13086,33.225407,143.2301,10.0,2.6990056,2.2182922,0.16055648,0.023973132,0.09398426,0.033784878,0.45182723,0.5425532,0
123.86145,26.2124,100.66474,10.0,2.0069976,-3.483074,0.17025748,0.021282261,0.22347821,0.023437338,0.21262458,0.88297874,1
483.14102,646.42584,1659.1006,10.0,2.2490819,-3.9836133,0.16082226,0.022241872,0.17240484,0.028995585,0.39534885,0.87234044,1
145.1383,37.149193,121.80303,10.0,2.5305195,-3.1065373,0.080805644,0.022881057,0.12119108,0.021490622,0.15614618,0.9255319,0
164.54607,25.383282,81.79643,10.0,2.1478996,2.818346,0.09918605,0.009097398,0.08808469,0.003503422,0.34551495,0.7659575,1
